date,title,body,url,image,source
2022-09-23T20:43:00,"Ucrania ""ve bien"" propuesta de paz ante conflicto con Rusia: AMLO","El ministro Kuleba dijo que Podolyak, asesor de Zelensky, que no tenía ninguna autorización de Ucrania para opinar sobre el tema.",https://turquesanews.mx/mexico/ucrania-ve-bien-propuesta-de-paz-ante-conflicto-con-rusia-amlo/,https://turquesanews.mx/wp-content/uploads/2022/09/Ebrard-3.jpg,Turquesa News
2022-09-23T20:43:00,Rusia comienza la movilización de tropas adicionales a Ucrania,"Moscú, Rusia.- Moscú empezó su movilización de tropas adicionales el jueves para reforzar su ofensiva en Ucrania, después de que las autoridades anunciaran que miles de personas se habían presentado v",https://cambiodemichoacan.com.mx/2022/09/23/rusia-comienza-la-movilizacion-de-tropas-adicionales-a-ucrania/,https://cambiodemichoacan.com.mx/wp-content/uploads/2022/08/guerra1.jpg,Cambio de Michoacan
2022-09-23T20:31:38,"Ucrania: de 447 cadáveres en fosa común de Izium, 30 tenían ""signos de tortura""","Ucrani presentó su primer balance oficial sobre los cadáveres encontrados en las fosas comunes de Izium, ciudad recuperada de Rusia.",https://www.msn.com/es-co/noticias/mundo/ucrania-de-447-cad%C3%A1veres-en-fosa-com%C3%BAn-de-izium-30-ten%C3%ADan-signos-de-tortura/ar-AA12b2Js,https://img-s-msn-com.akamaized.net/tenant/amp/entityid/AA12aSNS.img?h=630&w=1200&m=6&q=60&o=t&l=f&f=jpg,MSN
2022-09-23T20:31:00,Investigadores de la ONU afirman que se cometieron crímenes de guerra en Ucrania,"Tortura, ejecuciones, desaparición forzosa y violencia sexual son algunos de los crímenes constatados por la comisión investigadora de la ONU",https://www.diariolibre.com/videos/mundo/europa/2022/09/23/onu-afirma-que-se-cometieron-crimenes-de-guerra-en-ucrania/2083858,https://resources.diariolibre.com/images/2022/09/23/ap22266602219866-a04fcacc-focus-0-0-608-342.jpg,Diario Libre
2022-09-23T20:30:00,La ONU dice que los soldados rusos violaron y torturaron a niñas y ancianos en Ucrania,"La misión de expertos independientes de Naciones Unidas enviada a Ucrania ha concluido que Rusia ha cometido crímenes de guerra, entre ellos bombardeos de zonas civiles, numerosas ejecuciones, tortura",https://www.eldiario.es/internacional/theguardian/onu-dice-soldados-rusos-violaron-torturaron-ninas-ancianos-ucrania_1_9564209.html,https://static.eldiario.es/clip/7d849cde-271c-4d16-b161-0a70c820b426_facebook-watermarked-aspect-ratio_default_0.jpg,eldiario.es
2022-09-23T20:30:00,"Noam Chomsky: ""La única forma de saber si existe la posibilidad de una solución política en Ucrania es intentarlo""","La invasión [de Ucrania] en sí misma es una agresión criminal, como la invasión de EEUU sobre Irak, o la de Hitler sobre Polonia, dice el intelectual en conversación con elDiario.es: Pero, aparte d",https://www.eldiario.es/internacional/noam-chomsky-unica-forma-si-existe-posibilidad-solucion-politica-ucrania-intentarlo_1_9564094.html,https://static.eldiario.es/clip/0d3b98ae-f494-4eb7-a96e-a9fefbf77254_facebook-watermarked-aspect-ratio_default_0.jpg,eldiario.es
2022-09-23T20:29:00,Ucrania recupera nuevos territorios liberados en el día de referendos de anexión,"Oleksii Gromov, un responsable del Estado Mayor militar ucraniano, señaló a la televisión que Ucrania recuperó Yatskivka.",https://diariocorreo.pe/mundo/guerra-rusia-ucrania-ucrania-recupera-nuevos-territorios-liberados-en-el-dia-de-referendos-de-anexion-vladimir-putin-volodymyr-zelensky-rmmn-noticia/,https://diariocorreo.pe/resizer/LJolvQwW1SCVr7KVJDzvJbOb1d4=/980x528/smart/filters:format(jpeg):quality(75)/cloudfront-us-east-1.images.arcpublishing.com/elcomercio/FISGRJYHXRCPXJT77MDM2NM52Y.jpg,Diario Correo
2022-09-23T20:28:00,Ucrania anuncia que recuperó territorios liberados en el día de referendos de anexión,"Oleksii Gromov, un responsable del Estado Mayor militar ucraniano, señaló a la televisión que Ucrania recuperó Yatskivka.",https://peru21.pe/mundo/europa/guerra-rusia-ucrania-ucrania-anuncia-que-recupero-territorios-liberados-en-el-dia-de-referendos-de-anexion-vladimir-putin-volodymyr-zelensky-rmmn-noticia/,https://peru21.pe/resizer/rZRAi2NpKI_jwUzaFU1MEaNi09I=/980x528/smart/filters:format(jpeg):quality(75)/cloudfront-us-east-1.images.arcpublishing.com/elcomercio/UWKHH7SSRREV3FAUP7NYG7JCUQ.jpg,Peru21
2022-09-23T20:24:00,Mapa de la guerra de Ucrania a 23 septiembre,Se cumplen 212 días de la guerra de Ucrania. La ONU acusa a Rusia de cometer crímenes de guerra tras la invasión de Ucrania,https://www.ecoavant.com/actualidad/mapa-de-la-guerra-de-ucrania-a-23-septiembre-de-2022_9411_102.html,https://www.ecoavant.com/uploads/s1/17/95/92/mapas-de-los-ataques-militares-en-ucrania-a-23-de-septiembre-de-2022_5_640x307.jpeg,ecoavant
2022-09-23T20:23:26,EE.UU. advirtió a Rusia en privado sobre el uso de armas nucleares contra Ucrania durante varios meses,Funcionarios estadounidenses afirman que el Gobierno de EE.UU. ha disuadido repetidamente a Rusia sobre el uso de armas nucleares.,https://www.msn.com/es-us/news/other/eeuu-advirti-c3-b3-a-rusia-en-privado-sobre-el-uso-de-armas-nucleares-contra-ucrania-durante-varios-meses/ar-AA12b49S,https://cnnespanol.cnn.com/wp-content/uploads/2022/09/220923134141-us-russia-ukraine-nuclear-weapons.jpg?quality=100&strip=info,CNN on MSN.com
2022-09-23T20:23:00,Ucrania reducirá la presencia diplomática de Irán por suministro de armas a Moscú,"Ucrania reducirá significativamente la presencia diplomática de Irán en el país, informó este viernes el ministerio ucraniano de Exteriores, después de que un ataque ruso con drones iraníes dejara u",https://www.lanacion.com.ar/agencias/ucrania-reducira-la-presencia-diplomatica-de-iran-por-suministro-de-armas-a-moscu-nid23092022/,https://resizer.glanacion.com/resizer/3RtWgCP--RAvm_gVQCN60D8EDIs=/768x0/filters:format(webp):quality(80)/cloudfront-us-east-1.images.arcpublishing.com/lanacionar/67GCK7VVHRH5JDZJTNRRSP7NEI.jpg,La Nacion
2022-09-23T20:22:00,La ONU concluye que ha habido crímenes de guerra por parte de Rusia en Ucrania,La misión de investigación de la ONU visitaba Ucrania en junio para recoger pruebas acerca de lo que ahora se ha confirmado: Rusia ha cometido crímenes de guerra en sus zonas ocupadas durante la invas,https://estrelladigital.es/la-onu-concluye-que-ha-habido-crimenes-de-guerra-por-parte-de-rusia-en-ucrania/,https://estrelladigital.es/wp-content/uploads/2022/09/onu-696x464.jpg,Estrella Digital
2022-09-23T20:21:00,Recientes encuestas afirman que la guerra en Ucrania no está en las preocupaciones más acuciantes de sus ciudadanos,Recientes encuestas afirman que la guerra en Ucrania no está en las preocupaciones más acuciantes de sus ciudadanos,https://www.elobservador.com.uy/nota/recientes-encuestas-afirman-que-la-guerra-en-ucrania-no-esta-en-las-preocupaciones-mas-acuciantes-de-sus-ciudadanos-2022923152112,https://media.cdnp.elobservador.com.uy/062022/1654180331688.jpg?&cw=600&ch=365,El observador
2022-09-23T20:14:00,El G7 advierte que no reconocerá los referendos rusos en Ucrania,"Este viernes, las siete grandes potencias mundiales, agrupadas en el G7, condenaron los referendos de anexión organizados en las regiones del este y sur de Ucrania, que están bajo el control ruso. Mediante un comunicado, los líderes del grupo político ...",https://www.ntn24.com/internacional/rusia/el-g7-no-reconocera-los-referendos-rusos-en-ucrania-400797,https://imagenesntn24.canalrcn.com/ImgNtn24/G7.png,NTN 24
2022-09-23T20:13:00,Ebrard comparte al canciller de Rusia la propuesta de paz de México sobre el conflicto en Ucrania,"El secretario de Relaciones Exteriores, Marcelo Ebrard, se reunió con Serguéi Lavrov, ministro de Relaciones Exteriores de Rusia, para presentarle el plan de paz propuesto por México que busca lograr",https://www.eleconomista.com.mx/internacionales/Ebrard-comparte-al-canciller-de-Rusia-la-propuesta-de-paz-de-Mexico-sobre-el-conflicto-en-Ucrania-20220923-0064.html,https://www.eleconomista.com.mx/__export/1663964005700/sites/eleconomista/img/2022/09/23/mexico-rusia_propuesta_de_paz_en_ucrania.jpg_673822677.jpg,El Economista
2022-09-23T20:08:00,"Putin invadió Ucrania para poner 'gente decente' en Kiev, dice Berlusconi","El presidente ruso, Vladimir Putin, fue empujado a invadir Ucrania y quería poner a gente decente a cargo de Kiev, dijo el ex primer ministro",https://elheraldoslp.com.mx/new/2022/09/23/putin-invadio-ucrania-para-poner-gente-decente-en-kiev-dice-berlusconi/,https://elheraldoslp.com.mx/new/wp-content/uploads/2022/09/Putin-invadio.jpg,El Heraldo de San Luis Potosi
2022-09-23T20:08:00,Ucrania reduce la presencia diplomática de Irán por suministro de armas a Moscú (ministerio),"Ucrania reducirá significativamente la presencia diplomática de Irán en el país, informó este viernes el ministerio ucraniano de Exteriores, después de que un ataque ruso con drones iraníes dejara u",https://www.lanacion.com.ar/agencias/ucrania-reduce-la-presencia-diplomatica-de-iran-por-suministro-de-armas-a-moscu-ministerio-nid23092022/,https://resizer.glanacion.com/resizer/3RtWgCP--RAvm_gVQCN60D8EDIs=/768x0/filters:format(webp):quality(80)/cloudfront-us-east-1.images.arcpublishing.com/lanacionar/67GCK7VVHRH5JDZJTNRRSP7NEI.jpg,La Nacion
2022-09-23T19:48:00,"Rusia, a contrarreloj contra Ucrania y bajo la sombra de los crímenes de guerra","Putin juega la baza de los referendos de anexión en las zonas ocupadas, ante el rechazo de la comunidad internacional que los califica de farsa.",https://www.huffingtonpost.es/entry/rusia-a-contrarreloj-contra-ucrania-y-bajo-la-sombra-de-los-crimenes-de-guerra_es_632dcd18e4b0db74862a7637,https://img.huffingtonpost.com/asset/632e086c2000005b005fe659.jpeg?cache=TcnssHlKqb&ops=1200_630,Huffington Post
2022-09-23T18:53:00,El Kremlin avisa a Ucrania: intentar recuperar el Donbás tras los referéndums equivaldrá a atacar a Rusia,"El Kremlin ha advertido de que, si prosperan los referéndums de anexión a Rusia iniciados este viernes en las regiones del este de Ucrania, serán consideradas a todos los efectos territorios de la Fed",https://www.larazon.es/internacional/20220923/slqm6gk7hfdpboajhv74wsiogy.html,https://www.larazon.es/resizer/ZoHweJfPWa2ozGhNya88bLtuwpM=/1260x840/smart/filters:format(jpg)/cloudfront-eu-central-1.images.arcpublishing.com/larazon/AAC2QUM2BVFVZL6BOQPPKRQWIY.JPG,La Razón Digital
2022-09-23T18:36:00,La ONU concluye que Rusia cometió crímenes de guerra en Ucrania,"Rusia ha cometido crímenes de guerra en Ucrania durante los siete meses que lleva el conflicto. Así lo dio a conocer este viernes 23 de septiembre Erik Mose, director del comité de investigaciones env",https://es.noticias.yahoo.com/onu-concluye-rusia-cometi%C3%B3-cr%C3%ADmenes-183623145.html,https://s.yimg.com/uu/api/res/1.2/na0BIrVoby7YSuK7C1SsQQ--~B/aD01NzY7dz0xMDI0O2FwcGlkPXl0YWNoeW9u/https://media.zenfs.com/es/france_24_spanish_865/de6b278fcaeaa39604d6859395a74ff9,Yahoo Noticias España
2022-09-23T18:28:00,"Las minorías étnicas orientales, la carne de cañón de Putin para la guerra en Ucrania","Recluta voluntarios forzados en las zonas más pobres con métodos agresivos. Ha subido el salario a jueces, fiscales y policías.",https://www.libertaddigital.com/opinion/javier-arias-borque/las-minorias-etnicas-orientales-la-carne-de-canon-de-putin-para-la-guerra-en-ucrania-6935761/,https://s.libertaddigital.com/2022/09/23/1200/627/ld/guerra-ucrania-rusia-cartel-reclutamiento-san-petersburgo-230922.jpg,Libertad Digital
2022-09-23T18:23:00,Rusia comienza los referendos en las regiones ocupadas de Ucrania,"Sobre el papel una pregunta clara y directa.  ¿Está usted a favor de que la región abandone Ucrania, crear un Estado independiente y ser parte de Rusia? La pregunta puede ser sencilla, pero la respues",https://www.sport.es/es/videos/internacional/20220923/rusia-comienza-referendos-regiones-ocupadas/75824892.shtml,https://estaticos-cdn.sport.es/clip/e520addb-7332-4cec-a086-82a295741b86_alta-libre-aspect-ratio_default_0.jpg,Sport
2022-09-23T17:59:00,Guerra Rusia-Ucrania directo,La actualidad de la guerra entre Rusia y Ucrania este viernes 23 de septiembre de 2022 viene marcada por la intervención del presidente del Gobierno,https://www.telecinco.es/informativos/internacional/20220923/guerra-rusia-ucrania-ultima-hora-directo_19_07527134.html,https://album.mediaset.es/eimg/2022/09/23/el-alcalde-de-melitopol-denuncia-presiones-a-la-poblacion-en-el-referendum_5d5d.jpg,TeleCinco
2022-09-23T17:56:00,"Las razones por las que el exgeneral Rafael Dávila cifra en un 8,5 sobre 10 su preocupación sobre la guerra en Ucrania",El exgeneral Rafael Dávila ha explicado en Más Vale Tarde las razones que hacen que se eleve su preocupación sobre la invasión rusa ahora que Putin lanzan amenazas nucleares y decreta la movilización,https://www.lasexta.com/programas/mas-vale-tarde/razones-que-exgeneral-rafael-davila-cifra-85-10-preocupacion-guerra-ucrania_20220923632df340c270fa0001b5c622.html,"https://fotografias.lasexta.com/clipping/cmsimages01/2022/09/23/BF7F3FCA-E22C-4208-AD56-D31B16734E21/rafael-davila_69.jpg?crop=1920,1080,x0,y0&width=1280&height=720&optimize=low&format=jpg",laSexta
2022-09-23T17:51:16,"Ucrania exhuma más de 400 cadáveres en Izium, donde se han localizado al menos otras tres fosas comunes","Los equipos forenses de Ucrania han completado este viernes las labores de exhumación en la localidad de Izium, donde se han desenterrado un total de 436 cuerpos, si bien las autoridades han alertado",https://www.msn.com/es-es/news/internacional/ucrania-exhuma-m-c3-a1s-de-400-cad-c3-a1veres-en-izium-donde-se-han-localizado-al-menos-otras-tres-fosas-comunes/ar-AA12azdW,https://img.europapress.es/fotoweb/fotonoticia_20220923175116_1200.jpg,Europa Press on MSN.com
2022-09-23T17:36:00,"China aboga ante Ucrania por el respeto a la ""integridad territorial""","El ministro de Exteriores de China, Wang Yi, ha trasladado a su homólogo de Ucrania, Dimitro Kuleba, un mensaje de respeto por la soberanía y la integridad territorial ucranianas, durante un encuent",https://www.msn.com/es-es/news/internacional/china-aboga-ante-ucrania-por-el-respeto-a-la-integridad-territorial/ar-AA12aDvD,https://img.europapress.es/fotoweb/fotonoticia_20220923173600_1200.jpg,Europa Press on MSN.com
2022-09-23T16:53:00,"Ucrania impartirá justicia a todos los implicados en el ""referéndum""","Tanto Ucrania como la ONU, condenan la celebración de esta presunta consulta popular en el territorio del Donbás sobre su adhesión a Rusia.",https://es.noticias.yahoo.com/ucrania-impartir%C3%A1-justicia-implicados-refer%C3%A9ndum-165320804.html,https://s.yimg.com/uu/api/res/1.2/tDdJb7J7kAiLklerIlQ9qA--~B/aD01NzY7dz0xMDI0O2FwcGlkPXl0YWNoeW9u/https://media.zenfs.com/es/euronews_es_articles_926/c84d4b3bb34ebd4d8ad8c541ddad2f76,Yahoo Noticias España
2022-09-23T16:49:00,El aviso del Kremlin a Ucrania: intentar recuperar el Donbás tras los referéndums equivaldrá a atacar a Rusia,"El Kremlin advierte que en el caso de que prosperen los referéndums de anexión a Rusia en las regiones del este de Ucrania, se considerarán territorios de la Federación Rusa.",https://www.antena3.com/noticias/mundo/aviso-kremlin-ucrania-intentar-recuperar-donbas-referendums-equivaldra-atacar-rusia_20220923632de38e68929d0001176c57.html,"https://fotografias.antena3.com/clipping/cmsimages01/2022/09/23/19ACE244-408A-4453-8293-157A6E7D0ED0/deposito-chatarra-vehiculos-militares-destruidos-izium-region-jarkov_69.jpg?crop=1080,608,x0,y57&width=1280&height=720&optimize=low&format=jpg",Antena 3
2022-09-23T16:39:00,"""Muchos no aceptan que somos asesinos en esta guerra"": Elena Bogush explica qué piensan los rusos de la invasión a Ucrania",La historiadora y socióloga rusa ha explicado en Más Vale Tarde cómo es el sentir general de los ciudadanos de su país con respecto a la guerra en Ucrania.,https://www.lasexta.com/programas/mas-vale-tarde/muchos-aceptan-que-somos-asesinos-esta-guerra-elena-bogush-explica-que-piensan-rusos-invasion-ucrania_20220923632de13768929d0001176957.html,"https://fotografias.lasexta.com/clipping/cmsimages01/2022/09/23/A775DF6A-88D6-4EB3-8B2F-E3BA58CEE213/elena-2_69.jpg?crop=1920,1080,x0,y0&width=1280&height=720&optimize=low&format=jpg",laSexta
2022-09-23T16:31:00,"La UE denuncia ante Naciones Unidas las ""mentiras"" de Rusia sobre Ucrania","Naciones Unidas, 23 sep (EFE).- El presidente del Consejo Europeo, Charles Michel, usó este viernes su discurso ante la Asamblea General de la ONU para denunciar las mentiras de Rusia con respecto a",https://www.eldiario.es/internacional/ue-denuncia-naciones-unidas-mentiras-rusia-ucrania_1_9564560.html,https://static.eldiario.es/clip/ed12efe0-4814-4d89-9847-25b71bbdf64d_facebook-aspect-ratio_default_0.jpg,eldiario.es
2022-09-23T16:24:00,"Berlín insiste que ""nunca"" reconocerá los referéndums en la Ucrania ocupada","Berlín, 23 sep (EFE).- El Gobierno alemán insistió hoy en que no reconocerá el resultado de los referéndum para la adhesión a Rusia que se están llevando a cabo en regiones de Ucrania ocupadas, así co",https://www.eldiario.es/agencias/berlin-insiste-reconocera-referendums-ucrania-ocupada_1_9564536.html,https://static.eldiario.es/clip/ca6b4c16-6d0c-4741-ba61-0eeb5151ccc4_facebook-aspect-ratio_default_0.jpg,eldiario.es
2022-09-23T16:18:00,Agricultura anuncia un procedimiento simplificado para las ayudas frente a la guerra de Ucrania,"La dotación es de 14,5 millones y los sectores beneficiarios son vacuno de cebo, avicultura de puesta, pavos, ganado porcino y superficies de regadío con aguas subterrán",https://www.elnortedecastilla.es/somoscampo/agricultura-anuncia-procedimiento-20220923190322-nt.html,https://static1.elnortedecastilla.es/www/multimedia/202209/23/media/cortadas/thumbnail_PHOTO-2022-06-24-09-51-06-kvuG--984x468@El%20Norte.jpg,elnortedecastilla.es
2022-09-23T16:13:00,"China aboga ante Ucrania por el respeto a la ""integridad territorial""... pero no condena la invasión rusa","El ministro de Exteriores de China, Wang Yi, ha trasladado a su homólogo de Ucrania, Dimitro Kuleba, un mensaje de respeto por la soberanía y la",https://www.20minutos.es/noticia/5063194/0/china-aboga-ante-ucrania-por-el-respeto-a-la-integridad-territorial/,https://imagenes.20minutos.es/files/og_thumbnail_panoramic/files/og_20m/uploads/imagenes/2022/09/23/el-ministro-de-exteriores-de-ucrania-dimitri-kuleba-y-el-ministro-de-exteriores-de-china-wang-yi-reunidos-en-nueva-york-li-rui-xinhua-news-contactophoto.jpeg,20 minutos
2022-09-23T16:11:00,Ucrania exhuma más de 400 cuerpos en Izium y localiza al menos otras tres fosas comunes,"Los equipos forenses de Ucrania han completado este viernes las labores de exhumación en la localidad de Izium, donde se han desenterrado un total de 436 cuerpos, si bien las autoridades han alertado",https://www.noticiasdenavarra.com/mundo/2022/09/23/ucrania-exhuma-400-cuerpos-izium-6043117.html,https://estaticosgn-cdn.deia.eus/clip/662a3e4e-28c7-413b-9775-cfe49293af72_16-9-aspect-ratio_default_0.jpg,Noticias
2022-09-23T16:07:00,"Guerra Rusia-Ucrania, en vivo: últimas noticias del conflicto y el minuto a minuto","Las imágenes fueron tomadas en la ciudad rusa de Krasnodar y muestran un vehículo con una carga total explosivos, en dirección a un aeródromo al suroeste del país",https://es.sports.yahoo.com/noticias/guerra-rusia-ucrania-vivo-noticias-052747401.html,,Yahoo Deportes
2022-09-23T15:56:00,Los territorios ocupados de Ucrania inician los referendos para unirse a Rusia,Las autoproclamadas repúblicas populares de Donetsk y Lugansk y las regiones de Zaporiyia y Jersón celebran unas votaciones que no cuentan con el respaldo de la comunidad internacional,https://www.elperiodico.com/es/internacional/20220923/arranca-votacion-referendos-regiones-prorrusas-ucrania-guerra-75790033,https://estaticos-cdn.elperiodico.com/clip/44d42548-4445-4139-8bd0-27d2de33391d_16-9-discover-aspect-ratio_default_0.jpg,El Periódico
2022-09-23T15:45:00,Ya se conocen los criterios para conceder ayudas directas a agricultores y ganaderos de Castilla y León afectados por la guerra de Ucrania,"La Consejería de Agricultura, Ganadería y Desarrollo Rural, que dirige Gerardo Dueñas, habilitarán un procedimiento simplificado, con la información disponible en las bases de datos de gestión de ayud",https://www.larazon.es/castilla-y-leon/20220923/rpc2qfouqrg3llqrivgss7su44.html,https://www.larazon.es/resizer/HPD7Ya1-QacoEvSVxN7RrIcIElc=/1260x840/smart/filters:format(jpg)/cloudfront-eu-central-1.images.arcpublishing.com/larazon/W6KIVN7IQRCN7GIUMPMI24QGGE.jpg,La Razón Digital
2022-09-23T15:31:00,Ucrania denuncia un ataque en Odesa con drones iraníes que deja al menos un civil muerto,"El Gobierno de Kiev ha denunciado un hecho hasta ahora sin precedentes en el conflicto de Ucrania. Según ha adelantado la agencia AFP, un civil ha muerto en la ciudad de Odesa al oeste del país, tras",https://www.huffingtonpost.es/entry/ucrania-denuncia-la-muerte-de-un-civil-tras-un-ataque-en-odessa-con-drones-iranies_es_632dd8d3e4b00e36d1af154f,https://img.huffingtonpost.com/asset/632dece02200003100e55a8e.jpeg?ops=1200_630,Huffington Post
2022-09-23T15:06:00,Investigadores de la ONU denuncian que Rusia ha cometido crímenes de guerra en Ucrania,"La comisión se refiere a bombardeos rusos sobre la población civil, numerosas ejecuciones, tortura y malos tratos, y violencia sexual",https://www.abc.es/internacional/investigadores-denuncian-rusia-cometido-crimenes-guerra-ucrania-20220923115450-nt.html,https://s3.abcstatics.com/abc/www/multimedia/internacional/2022/09/23/fosas-ucrania-RkuZ11XHDR76Vh6NFFa5rNL-1024x512@abc.jpg,ABC
2022-09-23T15:02:00,El precio de la guerra: Putin subirá un 43% el presupuesto de Defensa ante la resistencia de Ucrania,"Putin prepara un ambicioso plan de gasto para el ejército en los próximos dos años, más de lo planeado inicialmente, ya que Rusia adapta el presupuesto a las necesidades de una guerra más larga y cada",https://www.eleconomista.es/economia/noticias/11959286/09/22/El-precio-de-la-guerra-Putin-subira-un-43-el-presupuesto-de-Defensa-ante-la-resistencia-de-Ucrania.html,https://s03.s3c.es/imag/_v0/1200x655/c/1/9/tanque-ucrania-reuters.jpg,El Economista (Spain)
2022-09-23T14:55:00,Así pueden ganaderos y agricultores beneficiarse de las ayudas de la Junta por la guerra de Ucrania,"La Consejería de Agricultura, Ganadería y Desarrollo Rural ha establecido una primera propuesta de los criterios para la concesión de ayudas directas a los agricultores y ganaderos de determinados sec",https://www.elespanol.com/castilla-y-leon/economia/el-campo/20220923/pueden-ganaderos-agricultores-beneficiarse-ayudas-junta-ucrania/705429804_0.html,https://s1.eestatic.com/2022/09/16/castilla-y-leon/region/segovia/703690152_227233257_1024x576.jpg,ESPAÑOL
2022-09-23T14:40:00,"Iker Jiménez destapa un arma ""terrorífica"" de tortura de la guerra de Ucrania","El programa Horizonte de Cuatro ha compartido con la audiencia algunos de los horrores que se están viviendo en el conflicto bélico, el cual lleva ya seis meses y del que no se ve final.",https://www.msn.com/es-es/news/internacional/iker-jim-c3-a9nez-destapa-un-arma-terror-c3-adfica-de-tortura-de-la-guerra-de-ucrania/ar-AA12asyw,https://www.esdiario.com/images/carpeta_relacionados/2022/09/23/145147_iker_jimenez.jpg,ESdiario on MSN.com
2022-09-23T14:37:12,China mantiene su ambigüedad y expresa su apoyo a la integridad territorial de Ucrania,Pekín sigue jugando a dos bandas después de que ante el Consejo de Seguridad de la ONU aludió una vez más a la necesidad de comprender las razones de Rusia.,https://www.msn.com/es-es/news/internacional/china-mantiene-su-ambig-c3-bcedad-y-expresa-su-apoyo-a-la-integridad-territorial-de-ucrania/ar-AA129Zv9,https://img.huffingtonpost.com/asset/632dc3022600005c00409056.jpeg?ops=1200_630,Huffington Post on MSN.com
2022-09-23T14:31:22,"Ucrania tilda los referéndums prorrusos en regiones ocupadas como un ""show propagandístico""","El principal asesor de la Presidencia de Ucrania, Mijailo Podoliak, ha tildado los referéndums prorrusos celebrados en las regiones de Donetsk, Lugansk, Jersón y Zaporiyia --bajo control de Rusia-- co",https://www.msn.com/es-es/news/internacional/ucrania-tilda-los-refer-c3-a9ndums-prorrusos-en-regiones-ocupadas-como-un-show-propagand-c3-adstico/ar-AA12ag5R,https://img.europapress.es/fotoweb/fotonoticia_20220923143122_1200.jpg,Europa Press on MSN.com
2022-09-23T14:19:00,La ONU certifica los crímenes de guerra rusos en Ucrania,"La misión independiente de la ONU creada para investigar la invasión a Ucrania confirmó hoy que Rusia ha cometido crímenes de guerra que incluyen ejecuciones sumarias o violencia sexual contra niños,",https://www.larazon.es/internacional/europa/20220923/5r6lm4kkvvgdfo3rjyauy2o5oq.html,https://www.larazon.es/resizer/CRx4sAFmiNFZtcpMFrXRV0vYer4=/1260x840/smart/filters:format(jpg)/cloudfront-eu-central-1.images.arcpublishing.com/larazon/I3DNV6MYKZGILGCBBRNYQ7VMLU.JPG,La Razón Digital
2022-09-23T14:17:00,China transmite a Ucrania apoyo a su integridad territorial en la ONU,"Naciones Unidas, 23 sep (EFE).- El ministro chino de Exteriores, Wang Yi, transmitió este viernes a su contraparte ucraniano, Dmytro Kuleba, el respeto de China por la soberanía de Ucrania y su integ",https://www.eldiario.es/politica/china-transmite-ucrania-apoyo-integridad-territorial-onu_1_9564033.html,https://static.eldiario.es/clip/0d95829a-b5c0-48f4-856e-94697e1566ba_facebook-aspect-ratio_default_0.jpg,eldiario.es
2022-09-23T14:15:00,"Berlusconi afirma que Putin ordenó la invasión de Ucrania ""empujado"" por su partido y que se inventó la operación especial","El ex primer ministro italiano y presidente del partido Forza Italia, Silvio Berlusconi, ha afirmado que el presidente de Rusia, Vladimir Putin, ordenó la invasión de Ucrania empujado por su partido",https://www.20minutos.es/noticia/5063148/0/berlusconi-afirma-que-putin-ordeno-la-invasion-de-ucrania-empujado-por-su-partido-y-sus-ministros/,https://imagenes.20minutos.es/files/og_thumbnail_panoramic/files/og_20m/uploads/imagenes/2022/09/23/europapress-4465534-21-may-2022-italy-naple-silvio-berlusconi-former-italian-prime-minister-and-3.jpeg,20 minutos
2022-09-23T14:15:00,"El informe de Naciones Unidas sobre Ucrania es demoledor, el PP acusa al gobierno de la posible dimisión de Lesmes","El informe de Naciones Unidas es demoledor, confirma y documenta que Rusia ha cometido crímenes de guerra tras la invasión de Ucrania; el Partido Popular acusa al Gobierno de la posible dimisión de Le",https://www.ondacero.es/boletines/informe-naciones-unidas-ucrania-demoledor-acusa-gobierno-posible-dimision-lesmes_20220923632dcd95c270fa0001b59d59.html,"https://image.ondacero.es/clipping/cmsimages01/2022/09/06/AC785090-129D-45C3-9AFE-1200F2B04063/boletin-noticias-onda-cero-1700-horas_69.jpg?crop=1920,1080,x0,y0&width=1280&height=720&optimize=low&format=jpg",ondacero.es
2022-09-23T13:54:00,"Berlusconi señala que Putin tuvo que ""inventarse"" la 'operación especial' en Ucrania ""empujado"" por sus ministros","El exmandatario italiano y líder de Forza Italia, Silvio Berlusconi, ha asegurado este viernes que el presidente ruso, Vladímir Putin, invadió Ucrania empujado por la población rusa del Donbás, su par",https://www.rtve.es/noticias/20220923/berlusconi-asegura-putin-ordeno-invasion-ucrania-empujado-ministros/2403430.shtml,https://img2.rtve.es/imagenes/silvio-berlusconi/1663939104839.jpg,RTVE
2022-09-23T13:28:00,"Rusia envía a combatir en Ucrania a un peligroso caníbal que engulló a dos personas ""para probar cómo sabían""","El Ejército de Rusia alista en sus filas a Yegor Komarov, un temible caníbal que estaba encarcelado por comerse parte de los cuerpos de dos personas: Me los comí solo para probar cómo sabían.",https://www.antena3.com/noticias/mundo/rusia-envia-combatir-ucrania-peligroso-canibal-que-engullo-dos-personas-probar-como-sabian_20220923632db46368929d0001172dd6.html,"https://fotografias.antena3.com/clipping/cmsimages02/2022/03/26/BD8C772A-965A-4FB1-86B4-6591BFEEBD8C/vehiculos-militares-rusos-fotografia-pasado-23-febrero_69.jpg?crop=4500,2531,x0,y291&width=1280&height=720&optimize=low&format=jpg",Antena 3
2022-09-23T13:10:00,El mapa de la guerra: Ucrania ataca hacia Limán mientras intenta cruzar el río Oskil para avanzar hacia el este,"Esta noticia se actualiza regularmente con la última información disponible. Para saber más sobre cómo se elabora,",https://www.rtve.es/noticias/20220923/mapa-guerra-ucrania-ataca-hacia-liman-mientras-intenta-cruzar-rio-oskil-para-avanzar-hacia-este/2403431.shtml,https://img2.rtve.es/imagenes/mapas-semana-31-guerra-ucrania/1663939945033.jpg,RTVE
2022-09-23T13:10:00,"Ana Oramas se retira de la política nacional, el sector de la información y el financiero no serán movilizados por Rusia para la guerra en Ucrania","Ana Oramas anuncia que se retira de la política nacional; trabajadores de medios de comunicación, tecnologías de la información y empleados de organismos financieros, no serán movilizados en el marco",https://www.ondacero.es/boletines/ana-oramas-retira-politica-nacional-sector-informacion-financiero-seran-movilizados-rusia-guerra-ucrania_20220923632dbe5668929d0001173b3c.html,"https://image.ondacero.es/clipping/cmsimages01/2022/09/06/B686A68B-B1D1-4E82-86B5-3A7112752C84/boletin-noticias-onda-cero-1600-horas_69.jpg?crop=1920,1080,x0,y0&width=1280&height=720&optimize=low&format=jpg",ondacero.es
2022-09-23T13:06:28,El PPE defiende su apoyo a Ucrania tras las polémicas palabras de Berlusconi excusando a Putin,"El Partido Popular Europeo (PPE) ha defendido este viernes su claro apoyo a Ucrania frente a la invasión rusa tras las controvertidas palabras de Silvio Berlusconi, líder de Forza Italia, partido in",https://www.msn.com/es-es/news/internacional/el-ppe-defiende-su-apoyo-a-ucrania-tras-las-pol-c3-a9micas-palabras-de-berlusconi-excusando-a-putin/ar-AA129LzQ,https://img.europapress.es/fotoweb/fotonoticia_20220923130628_1200.jpg,Europa Press on MSN.com
2022-09-23T12:54:10,La ONU acusa a Rusia de cometer crímenes de guerra tras la invasión de Ucrania,La misión de investigación establecida por la ONU para examinar el conflicto de Ucrania ha constatado que las fuerzas rusas han cometido crímenes de guerra en el marco de la ofensiva militar que comen,https://www.msn.com/es-es/news/internacional/la-onu-acusa-a-rusia-de-cometer-cr-c3-admenes-de-guerra-tras-la-invasi-c3-b3n-de-ucrania/ar-AA12a3J6,https://img.europapress.es/fotoweb/fotonoticia_20220923125410_1200.jpg,Europa Press on MSN.com
2022-09-23T12:42:00,Comienzan los referendos de anexión a Rusia en las zonas ocupadas de Ucrania,"Los participantes deberán responder a una pregunta: ¿Está a favor de que la región abandone Ucrania, crear un Estado independiente y ser parte de Rusia?",https://www.eldia.es/internacional/2022/09/23/comienzan-referendos-anexion-rusia-zonas-75790545.html,https://estaticos-cdn.prensaiberica.es/clip/44af1963-cb5e-4461-8d63-5efc9df7c607_16-9-aspect-ratio_default_0.jpg,eldia
2022-09-23T12:39:00,La ONU concluye que Rusia ha cometido crímenes de guerra en Ucrania,"El presidente de la comisión, Erik Mose, también denunció que soldados de la Federación Rusa han cometido violencia sexual y de género a víctimas de entre cuatro y 82 años",https://www.elperiodico.com/es/internacional/20220923/onu-rusia-crimenes-guerra-ucrania-75796178,https://estaticos-cdn.elperiodico.com/clip/a142a112-777a-4445-b5da-2b43364261b9_16-9-aspect-ratio_default_0.jpg,El Periódico
2022-09-23T12:25:00,La ONU habla de un recorte drástico de la ayuda a víctimas de violencia sexual en Sudán del Sur por la guerra en Ucrania,Afirma que las mujeres residentes en algunas zonas ni siquiera se molestan en informar de las repetidas violaciones Naciones Unidas ha alertado de que la guerra en Ucrania ha recortado drásticament,https://www.europapress.es/internacional/noticia-onu-habla-recorte-drastico-ayuda-victimas-violencia-sexual-sudan-sur-guerra-ucrania-20220923152503.html,https://img.europapress.es/fotoweb/fotonoticia_20220923152503_1200.jpg,Europa Press
2022-09-23T12:18:22,"El Senado de Rusia dice que actuará ""lo antes posible"" para la adhesión de las regiones ocupadas de Ucrania","El Consejo de la Federación no dudará en reconocer los resultados de los referendos si derivan en una anexión La presidenta del Consejo de la Federación rusa --la Cámara Alta del Parlamento--, Valen",https://www.msn.com/es-es/news/internacional/el-senado-de-rusia-dice-que-actuar-c3-a1-lo-antes-posible-para-la-adhesi-c3-b3n-de-las-regiones-ocupadas-de-ucrania/ar-AA129G51,https://img.europapress.es/fotoweb/fotonoticia_20220923121822_1200.jpg,Europa Press on MSN.com
2022-09-23T11:48:00,"Ucrania derriba drones vinculados a Irán, mientras Rusia intensifica los ataques aéreos",Ucrania dice que ha destruido varios drones kamikaze fabricados en Irán que Rusia ha utilizado en un esfuerzo por intensificar los ataques aéreos,https://www.larazon.es/internacional/20220923/5rumobdkgfcetojmq5ugcwhruq.html,https://www.larazon.es/resizer/-uwoDNFOJyeJalcV5IsuEsfUW70=/1260x840/smart/filters:format(jpg)/cloudfront-eu-central-1.images.arcpublishing.com/larazon/CAC7SYJIFJA6JM3RP7SHVHXST4.jpg,La Razón Digital
2022-09-23T11:46:00,Santiago de Compostela dona cuatro ambulancias a Ucrania,"El embajador ucraniano, Serhii Pohoreltsev, agradeció el gesto y la firme y sólida solidaridad del pueblo español",https://www.elespanol.com/quincemil/articulos/actualidad/santiago-de-compostela-dona-cuatro-ambulancias-a-ucrania,https://media.vandal.net/quincemil/1200x630/471834.jpg,ESPAÑOL
2022-09-23T11:44:38,"El ex ministro Josep Piqué: ""Seamos prudente con la victoria de Ucrania; hay mucha tela que cortar""","El exministro popular Josep Piqué ha insistido este viernes en la necesidad de mantener ciertas cautelas respecto a la victoria militar de Ucrania, en un",https://www.msn.com/es-es/news/otras/el-ex-ministro-josep-piqu-c3-a9-seamos-prudentes-con-la-victoria-de-ucrania-hay-mucha-tela-que-cortar-e2-80-9d/ar-AA12a7wk,https://www.elindependiente.com/wp-content/uploads/2022/09/ministro-interior-ucrania-e1663330169798-390x220.jpg,El Independiente on MSN.com
2022-09-23T11:27:00,La Diputación de A Coruña dona 4 ambulancias a Ucrania,"El embajador de Ucrania en España,de visita en Galicia,espera que empresas españolas participen en la reconstrucción de su país | Cadena SER",https://cadenaser.com/galicia/2022/09/23/la-diputacion-de-a-coruna-dona-4-ambulancias-a-ucrania-radio-coruna/,https://cadenaser.com/resizer/fytWewZXmnuYC1XWG1xyeUAkrV0=/2000x1125/filters:quality(70)/cloudfront-eu-central-1.images.arcpublishing.com/prisaradio/33NETWOX45GH7DSJ5MTDGRJLRI.jpeg,Cadena SER
2022-09-23T11:25:00,Rusia arranca sus referendos de anexión ilegales en territorios ocupados de Ucrania,"Las votaciones, cuya ilegitimidad denuncian el Gobierno ucraniano y sus aliados occidentales, han comenzado ya en las autoproclamadas repúblicas de Donetsk y Lugansk y las zonas ocupadas de Jersón y Z",https://www.lasexta.com/noticias/internacional/rusia-arranca-sus-referendos-anexion-ilegales-territorios-ocupados-ucrania_20220923632d979dcff9ff00012de75a.html,"https://fotografias.lasexta.com/clipping/cmsimages01/2022/09/23/9274FEE9-79C1-4C21-A36A-F976A44D107F/referendum-rusia_69.jpg?crop=1920,1080,x0,y0&width=1280&height=720&optimize=low&format=jpg",laSexta
2022-09-23T11:20:00,"Un miembro de la Duma rusa propone no atacar Ucrania con el arma atómica, sino Alemania e Inglaterra",Andrey Gurelev afirma que la OTAN no podrá defender unos países que quedarán convertidos en terrenos baldíos marcianos,https://www.larazon.es/internacional/20220923/7n73c73safecrprzhxiv4564eu.html,https://www.larazon.es/resizer/Y-Hn6wTK_NY4aov-VbHwpgCbJt0=/1260x840/smart/filters:format(jpg)/cloudfront-eu-central-1.images.arcpublishing.com/larazon/PUQL6QYDLRGLBIK23KV6E6BHRU.png,La Razón Digital
2022-09-23T11:17:00,Berlusconi asegura que Putin invadió Ucrania empujado por su partido y ministros,"Según Berlusconi, que siempre se ha definido como amigo de Putin, el presidente ruso ha caído en una situación difícil y dramática e invadió Ucrania empujado por su partido y ministros",https://www.vozpopuli.com/internacional/berlusconi-polemica-putin-invadio-ucrania-empujado-partido-ministros.html,https://media.vozpopuli.com/2022/09/silvio-berlusconi-e1663931347711.jpg,Voz Populi
2022-09-23T11:11:00,"La ONU concluye que Rusia ha cometido crímenes de guerra en Ucrania y denuncia violaciones a víctimas ""de 4 a 82 años""","La misión de investigación de la ONU en Ucrania ha concluido, tras visitar ese país en junio, que Rusia ha cometido crímenes de guerra durante su invasión de este país, destacó hoy el presidente de es",https://www.20minutos.es/noticia/5063010/0/la-onu-concluye-que-rusia-ha-cometido-crimenes-de-guerra-en-ucrania-y-denuncia-violaciones-a-victimas-de-4-a-82-anos/,https://imagenes.20minutos.es/files/og_thumbnail_panoramic/files/og_20m/uploads/imagenes/2022/09/16/ucrania-descubre-una-fosa-comun-en-un-bosque-cerca-de-izium-con-mas-de-440-cadaveres-enterrados.jpeg,20 minutos
2022-09-23T11:02:40,"Arrancan los referéndums en los territorios ocupados de Ucrania: Kiev habla de ""coerción"" y ""pánico""","Las consultas, cuyo resultado no será reconocido por la comunidad internacional, empezaron esta mañana y se extenderán hasta el próximo día 27 de septiembre.",https://www.msn.com/es-es/news/internacional/arrancan-los-refer-c3-a9ndums-en-los-territorios-ocupados-de-ucrania-kiev-habla-de-coerci-c3-b3n-y-p-c3-a1nico/ar-AA129PVw,https://s1.eestatic.com/2022/09/23/mundo/705439636_227417105_600x315.jpg,ESPAÑOL on MSN.com
2022-09-23T11:00:00,Ucrania recorta derechos laborales,"Es algo de lo que prácticamente han ignorado los medios internacionales, que hablan, sin embargo, todos los días del desarrollo de la guerra de Putin.",https://www.eldia.es/opinion/2022/09/23/ucrania-recorta-derechos-laborales-75778845.html,https://www.eldia.es/images/og-facebook/eldia.jpg?id=0-157-0,eldia
2022-09-23T10:56:00,"Los okupas de Colmenar Viejo abandonan la vivienda de Hortensia, pero la dejan desvalijada: ""Esto parece la guerra de Ucrania""","Con el comienzo del verano, los okupas se vuelven más selectivos a la hora de escoger la vivienda en la que pasarán los meses de más calor del año. Así, en Colmenar Viejo, un grupo decidió okupar la c",https://www.20minutos.es/noticia/5062975/0/los-okupas-de-colmenar-viejo-abandonan-la-vivienda-de-hortensia-pero-la-dejan-desvalijada-esto-parece-la-guerra-de-ucrania/,https://imagenes.20minutos.es/files/og_thumbnail_panoramic/files/og_20m/uploads/imagenes/2022/09/23/okupas-piscina-colmenar-viejo-ep-1.jpeg,20 minutos
2022-09-23T10:43:00,Un concierto a beneficio de Ucrania inaugurará el curso de la Academia Santa Cecilia,Será el 8 de octubre en el Monasterio de la Victoria Los cursos comenzarán el próximo día 3 de octubre El lunes 3 de octubre darán comienzo los talleres de la Academia de Bellas Artes Santa Cecilia. d,https://www.diariodecadiz.es/elpuerto/Ucrania-inaugurara-Academia-Santa-Cecilia_0_1723028357.html,https://www.diariodecadiz.es/2022/09/23/elpuerto/Ucrania-inaugurara-Academia-Santa-Cecilia_1723037968_166602454_1200x675.jpg,Diario de Cádiz
2022-09-23T10:29:00,La misión de la ONU concluye que Rusia ha cometido crímenes de guerra en Ucrania,"La misión de investigación de la ONU en Ucrania ha concluido, tras visitar ese país en junio, que Rusia ha cometido crímenes de guerra.",https://theobjective.com/internacional/2022-09-23/onu-cimenes-guerra-rusia-ucrania/,https://theobjective.com/wp-content/uploads/2022/09/ione-belarra-scaled-e1663793495778-650x365.jpg,The Objective
2022-09-23T10:29:00,"Ucrania pide un ""tribunal con jurisdicción específica"" para juzgar los crímenes de guerra","Si estos actos de agresión por parte de un miembro permanente del Consejo de Seguridad de la ONU no son respondidos, nos hundiremos en un oscuro mundo de impunidad y permisividad, afirmó el embajado",https://www.noticiasdenavarra.com/mundo/2022/09/23/ucrania-pide-tribunal-jurisdiccion-especifica-6041772.html,https://estaticosgn-cdn.deia.eus/clip/62aae607-4c4d-4902-9814-bc6b0ae4c378_16-9-aspect-ratio_default_0.jpg,Noticias
2022-09-23T10:19:00,La comisión de investigación de la ONU concluye que Rusia ha cometido crímenes de guerra en Ucrania,"Ente otros crímenes se ha documentado el asesinato de personas detenidas, violencia sexual y torturas La comisión independiente de investigación puesta en marcha por la ONU para investigar lo sucedido",https://www.rtve.es/noticias/20220923/guerra-ucrania-rusia-onu-crimenes-guerra/2403391.shtml,https://img2.rtve.es/i/?w=1600&i=1663925504366.jpg,RTVE
2022-09-23T10:19:00,Las armas nucleares tácticas que Vladimir Putin podría usar contra Ucrania,Existen dos tipos de armas nucleares: las tácticas y las estratégicas- Las tácticas con menos potencias y las segundas que pueden destruir la humanidad,https://www.telecinco.es/informativos/internacional/20220923/armas-nucleares-tacticas-que-son-vladimir-putin-ucrania_18_07528709.html,https://album.mediaset.es/eimg/2022/09/23/armas-nucleares-tacticas-podria-ser-el-proximo-paso-de-putin_ca55.jpg,TeleCinco
2022-09-23T10:17:00,La misión de la ONU en Ucrania concluye que Rusia cometió crímenes de guerra durante la invasión,Algunos soldados de la Federación Rusa cometieron violencia sexual y de género a víctimas «de entre cuatro y 82 años»,https://www.lavozdegalicia.es/noticia/internacional/2022/09/23/mision-onu-ucrania-concluye-rusia-cometio-crimenes-guerra-durante-invasion/00031663926650577173747.htm,https://cflvdg.avoz.es/sc/qxQs90scgetIZ9zy9i44u7tCxK4=/480x/2022/09/23/00121663927203003247181/Foto/efe_20220512_092407919.jpg,La Voz de Galicia
2022-09-23T10:16:00,Comienzan los referendos convocados por prorrusos en Ucrania,"El proceso de votación de los referendos finalizará el próximo 27 de septiembre en las regiones de Donetsk, Lugansk, Jersón y Zaporiyia",https://rtvc.es/comienzan-los-referendos-convocados-por-prorrusos-en-varias-regiones-de-ucrania/,https://rtvc.es/archivos/2022/09/Soldado.png,RTVC
2022-09-23T09:53:58,"Berlusconi afirma que Putin ordenó la invasión de Ucrania ""empujado"" por su partido y sus ministros","El ex primer ministro italiano y presidente del partido Forza Italia, Silvio Berlusconi, ha afirmado que el presidente de Rusia, Vladimir Putin, ordenó la invasión de Ucrania empujado por su partido",https://www.msn.com/es-es/news/internacional/berlusconi-afirma-que-putin-orden-c3-b3-la-invasi-c3-b3n-de-ucrania-empujado-por-su-partido-y-sus-ministros/ar-AA129D7Z,https://img.europapress.es/fotoweb/fotonoticia_20220923095358_1200.jpg,Europa Press on MSN.com
2022-09-23T09:49:00,La ONU acusa a Rusia de crímenes de guerra y ejecuciones sumarias en su informe sobre Ucrania,"Muchos fallecidos tenían las manos atadas, heridas de bala en la cabeza y cortes en el cuello. Se han documentado violaciones a niñas de 4 años.",https://www.elespanol.com/mundo/20220923/mision-onu-concluye-rusia-cometido-crimenes-ucrania/705429576_0.html,https://s1.eestatic.com/2022/09/23/mundo/705439713_227419402_600x315.jpg,ESPAÑOL
2022-09-23T09:29:00,La misión de la ONU concluye que Rusia cometió crímenes de guerra en Ucrania,"Nos impactó el gran número de ejecuciones perpetradas en las áreas que visitamos, resalta el presidente de la comisión tripartita que visitó el país.",https://www.msn.com/es-es/news/internacional/la-misi-c3-b3n-de-la-onu-concluye-que-rusia-cometi-c3-b3-cr-c3-admenes-de-guerra-en-ucrania/ar-AA129yU1,https://imagenes.lainformacion.com/files/og_thumbnail_panoramic/files/og_lainfo/uploads/imagenes/2022/09/21/putin-durante-su-discurso.jpeg,La informacion on MSN.com
2022-09-23T09:20:00,"La ONU confirma que Rusia ha cometido crímenes de guerra en Ucrania, la Xunta anuncia una bonificación del 50% en el impuesto del patrimonio","A esta hora se está presentando en Ginebra el informe de la misión que visitó el país en junio; en Galicia, el presidente de la Xunta acaba de anunciar una bonificación del 50% en el impuesto del patr",https://www.ondacero.es/boletines/onu-confirma-que-rusia-cometido-crimenes-guerra-ucrania-xunta-anuncia-bonificacion-50-impuesto-patrimonio_20220923632d8860502ad700016375ca.html,"https://image.ondacero.es/clipping/cmsimages01/2022/09/06/170234EB-B891-4385-B50A-0BF6DBE2955B/boletin-noticias-onda-cero-1200-horas_69.jpg?crop=1920,1080,x0,y0&width=1280&height=720&optimize=low&format=jpg",ondacero.es
2022-09-23T09:18:00,Rusia empieza el reclutamiento de ciudadanos para la guerra en Ucrania,La escena tiene lugar en una pequeña localidad del Cáucaso (Rusia). En la oficina de reclutamiento decenas de hombres se enfrentan a la oficial,https://www.20minutos.es/videos/internacional/5062937-rusia-empieza-el-reclutamiento-de-ciudadanos-para-la-guerra-en-ucrania/,https://imagenes.20minutos.es/files/og_thumbnail_panoramic/files/og_20m/uploads/imagenes/2022/09/23/632d798f2fc78.jpeg,20 minutos
2022-09-23T08:20:00,Rusia arranca sus consultas de anexión ilegales en las zonas que controla en Ucrania,"Moscú repite el modelo realizado en Crimea en marzo de 2014, que sirvió de justificación para anexionarse la península",https://www.canarias7.es/internacional/europa/rusia-arranca-consultas-20220923121845-ntrc.html,https://static1.canarias7.es/www/multimedia/202209/23/media/cortadas/consultas-kowD--984x468@RC.JPG,Canarias7
2022-09-23T07:55:47,Los territorios prorrusos de Ucrania empiezan a votar para unirse a Rusia,"Los referéndums exprés convocados por las autoproclamadas Repúblicas Populares de Donetsk (RPD) y Luhansk (RPL), así como las autoridades prorrusas de Jersón y",https://www.msn.com/es-es/news/internacional/los-territorios-prorrusos-de-ucrania-empiezan-a-votar-para-unirse-a-rusia/ar-AA129ng4,https://www.lavanguardia.com/files/og_thumbnail/files/fp/uploads/2022/09/23/632d6595c2cf7.r_d.2764-2569-0.jpeg,La Vanguardia on MSN.com
2022-09-23T07:53:00,"Pedro Sánchez, contra Rusia en la Asamblea General de la ONU: ""Lo que tiene que hacer es salir de Ucrania""","El presidente del Gobierno de España, Pedro Sánchez, arremete en la Asamblea General de la ONU contra las pretensiones de Rusia: Una invasión ilegal no se puede tapar con referéndums ilegales.",https://www.antena3.com/noticias/mundo/pedro-sanchez-rusia-asamblea-general-onu-que-tiene-que-hacer-salir-ucrania_20220923632d6613502ad700016347b3.html,"https://fotografias.antena3.com/clipping/cmsimages01/2022/09/23/922523D6-B679-4118-8B55-990327AFB499/pedro-sanchez-habla-invasion-rusa-ucrania-asamblea-general-onu_69.jpg?crop=1920,1080,x0,y0&width=1280&height=720&optimize=low&format=jpg",Antena 3
2022-09-23T07:37:00,Lukashenko descarta decretar una movilización de la población a causa de la guerra en Ucrania,"El presidente de Bielorrusia, Alexander Lukashenko, ha descartado la posibilidad de decretar una movilización de la población por la guerra en Ucrania, después de que su homólogo ruso, Vladimir Putin,",https://www.europapress.es/internacional/noticia-lukashenko-descarta-decretar-movilizacion-poblacion-causa-guerra-ucrania-20220923103738.html,https://img.europapress.es/fotoweb/fotonoticia_20220923103738_1200.jpg,Europa Press
2022-09-23T07:27:00,Arranca la votación en los referéndums de adhesión convocados por las autoridades prorrusas en varias regiones de Ucrania,"Las votaciones en los territorios ucranianos de Lugansk, Donetsk, Jersón y Zaporiyia, parcialmente controlados por las fuerzas rusas, sobre su incorporación a Rusia comenzaron hoy en medio de fuertes",https://www.20minutos.es/noticia/5062873/0/arranca-la-votacion-en-los-referendums-de-adhesion-convocados-por-las-autoridades-prorrusas-en-varias-regiones-de-ucrania/,https://imagenes.20minutos.es/files/og_thumbnail_panoramic/files/og_20m/uploads/imagenes/2022/09/23/guerra-en-ucrania.jpeg,20 minutos
2022-09-23T06:56:00,Comienza la votación en los referendos prorrusos en Ucrania,"El proceso de votación en los referendos convocados en las autoproclamadas repúblicas de Donetsk y Lugansk y en las regiones ucranianas de Jersón y Zaporiyia,",https://www.diariojaen.es/internacional/comienza-la-votacion-en-los-referendos-prorrusos-en-ucrania-YF8632111,https://www.diariojaen.es/binrepository/600x400/0c27/600d346/none/10717/IPXR/ydrhqcd66ffw3cy3v4z2ehahua_15971960_20220923085813.jpg,Diariojaen.es
2022-09-23T06:39:00,EE UU lleva meses disuadiendo por privado a Rusia del uso de armas nucleares en Ucrania,El Gobierno de Estados Unidos lleva meses comunicándose de forma directa y privada con Moscú para alertar al régimen de Vladímir Putin ante las,https://www.20minutos.es/noticia/5062857/0/eeuu-lleva-meses-disuadiendo-privado-rusia-uso-armas-nucleares/,https://imagenes.20minutos.es/files/og_thumbnail_panoramic/files/og_20m/uploads/imagenes/2022/09/17/biden-y-putin.jpeg,20 minutos
2022-09-23T06:36:22,"Última hora sobre la invasión rusa de Ucrania, en directo","La guerra de Ucrania se acerca a los siete meses. Este viernes, y con la oposición de Kiev y de la comunidad internacional, que no reconocerán los resultados, los territorios ocupados parcialmente por",https://www.msn.com/es-es/news/internacional/c3-baltima-hora-sobre-la-invasi-c3-b3n-rusa-de-ucrania-en-directo/ar-AA129el7,https://static.eldiario.es/clip/329dacdc-5a02-497f-926d-6c0759b1c15c_facebook-watermarked-aspect-ratio_default_0.jpg,eldiario.es on MSN.com
2022-09-23T06:36:00,"Ucrania denuncia la exhumación en Izium de 436 cuerpos con ""signos de muerte violenta y tortura""","El Ministerio de Defensa de Ucrania ha asegurado este viernes que la mayoría de los 436 cuerpos exhumados en la fosa común de Izium, al noreste del país, presenta signos de una muerte violenta. Los",https://www.eldiario.es/internacional/ultima-hora-invasion-rusa-ucrania-directo_6_9562272_1093928.html,https://static.eldiario.es/clip/5886cc31-4369-4f7f-8e2c-2965b7fa22bc_facebook-watermarked-aspect-ratio_default_0.jpg,eldiario.es
2022-09-23T06:36:00,Ucrania pide un tribunal específico para juzgar los crímenes de guerra de Rusia,"La delegación de Ucrania ante el Consejo de Derechos Humanos de la ONU ha pedido este viernes la creación de un tribunal con jurisdicción específica sobre la agresión rusa a su país, minutos después",https://www.eldiario.es/internacional/ultima-hora-invasion-rusa-ucrania-directo_6_9562272_1093905.html,https://static.eldiario.es/clip/765c0bc3-db16-414f-ab8d-3b972cd552af_facebook-watermarked-aspect-ratio_default_0.jpg,eldiario.es
2022-09-23T06:36:00,La misión de investigación de la ONU en Ucrania concluye que Rusia ha cometido crímenes de guerra en el país,"La misión de investigación de la ONU en Ucrania ha concluido, tras visitar ese país en junio, que Rusia ha cometido crímenes de guerra durante su invasión de este país. Así lo ha destacado este vierne",https://www.eldiario.es/internacional/ultima-hora-invasion-rusa-ucrania-directo_6_9562272_1093899.html,https://static.eldiario.es/clip/598154a8-1d01-4db3-a6f1-fa39d16263c3_facebook-watermarked-aspect-ratio_default_0.jpg,eldiario.es
2022-09-23T06:34:00,"Guerra en Ucrania: ultimátum nuclear de Putin, movilización militar parcial, protestas en Rusia y últimas noticias","El anuncio del Putin de una movilización militar parcial y la amenaza de que usará armas nucleares si peligra el territorio ruso ha provocado protestas y detenidos en Rusia, el anuncio de sanciones de",https://www.ondacero.es/noticias/mundo/guerra-rusia-ucrania-ultimas-noticias-directo-amenaza-nuclear_20220922632c19d3c270fa0001e883ec.html,"https://image.ondacero.es/clipping/cmsimages01/2022/09/23/DCBB2337-6F75-42F5-B7D3-D35741D933F2/guerra-ucrania-ultimatum-nuclear-putin-movilizacion-militar-parcial-protestas-rusia-ultimas-noticias_69.jpg?crop=1280,720,x0,y0&width=1280&height=720&optimize=low&format=jpg",ondacero.es
2022-09-23T06:10:00,Los combatientes de Azovstal vuelven a Ucrania tras un intercambio de prisioneros,"El soldado ucraniano Mijailo Dianov en dos imágenes. La primera tomada el 11 de mayo, después de la rendición de los últimos de Azovstal, la factoría de Mariúpol en",https://www.lavanguardia.com/internacional/20220923/8540168/combatientes-azovstal-ucrania-intercambio-prisioneros-guerra-rusia.html,https://www.lavanguardia.com/files/image_449_220/uploads/2022/09/22/632cd97b02896.jpeg,La Vanguardia
2022-09-23T05:46:00,Arranca la votación en los referendos convocados por las autoridades prorrusas de varias regiones de Ucrania,Putin aseguró que reconocería los resultados ante una posible adhesión de estos territorios a Rusia El proceso de votación en los referendos convocados en las autoproclamadas repúblicas de Donetsk y L,https://www.europapress.es/internacional/noticia-arranca-votacion-referendos-convocados-autoridades-prorrusas-varias-regiones-ucrania-20220923084644.html,https://img.europapress.es/fotoweb/fotonoticia_20220923084644_1200.jpg,Europa Press
2022-09-23T05:12:00,"Guerra Ucrania Rusia, en directo | Miles de rusos huyen para no ser movilizados en el frente","La Unión Europea busca un acuerdo para la acogida de los reservistas rusos que huyan del país, como ha hecho Alemania, aunque con recelo de los miembros bálticos.",https://www.lasexta.com/noticias/internacional/guerra-ucrania-rusia-directo-miles-rusos-huyen-ser-movilizados-frente_20220923632d37bcc270fa0001e9978b.html,"https://fotografias.lasexta.com/clipping/cmsimages01/2022/09/23/98BABAF1-D258-44CD-8C9C-BD12D1AB7C35/guerra-ucrania-rusia-directo-miles-rusos-huyen-ser-movilizados-frente_69.jpg?crop=1120,630,x0,y2&width=1280&height=720&optimize=low&format=jpg",laSexta
2022-09-09T12:46:00,Los mapas de la 28ª semana de guerra en Ucrania,"Los ataques en la zona de Energodar y los sucesivos reproches entre Ucrania y Rusia, que se acusan mutuamente, habían obligado a aplazar la visita temporalmente. En Moscú, distintas fuentes ...",https://www.rtve.es/noticias/20220909/mapas-guerra-ucrania-semana-28/2399940.shtml,,RTVE
2022-09-09T12:44:00,"Guerra Rusia - Ucrania, en directo | Rusia envía refuerzos a Járkov para frenar la contraofensiva ucraniana","Día 198 de guerra en Ucrania. El presidente de Ucrania, Volodímir Zelenski, ha asegurado en su último mensaje dirigido a la nación que las tropas han recuperado 1.000 kilómetros cuadrados de ...",https://www.elespanol.com/mundo/europa/20220909/guerra-rusia-ucrania-recuperado-cuadrados-territorio-septiembre/702029793_10.html,,ESPAÑOL
2022-09-09T10:47:00,Ucrania reconquista 700 kilómetros cuadrados de territorio y se prepara para cercar a Izium,Las sucesivos ataques de Ucrania en el sur y el este del país han permitido a su ejército reconquistar 700 kilómetros cuadrados de territorio ocupado por Rusia. Ahora pretenden cercar a Izium ...,https://www.elespanol.com/mundo/europa/20220909/ucrania-reconquista-kilometros-cuadrados-territorio-prepara-izium/701680189_0.html,,ESPAÑOL
2022-09-09T08:18:00,"Última hora de la invasión rusa de Ucrania, en directo","En un informe publicado este viernes, el comité de expertos dijo haber recibido denuncias de instituciones para este colectivo en zonas de Ucrania controladas por Rusia donde se les negaron ...",https://www.eldiario.es/internacional/ultima-hora-invasion-rusa-ucrania-directo_6_9301476.html,,eldiario.es
2022-09-09T08:17:00,Guerra Ucrania Rusia: Últimas noticias del 10 de septiembre en directo,"La presidenta de la Comisión Europea, Ursula Von der Leyen, y el secretario de Estado norteamericano, Antony Blinken, han hablado por teléfono este sábado sobre la situación actual en Ucrania ...",https://www.antena3.com/noticias/mundo/ultima-hora-guerra-rusia-ucrania-sigue-movimiento-tropas-rusas-reacciones-putin-zelenski_20220909631adb2aa1854f00017a81b5.html,,Antena 3
2022-09-09T00:00:00,Resumen de noticias de la guerra de Rusia en Ucrania del 8 de septiembre,El jefe de los inspectores nucleares de Ucrania afirma que el país está estudiando la posibilidad de cerrar la central nuclear de Zaporiyia. Las fuerzas ucranianas están avanzando hacia el este ...,https://cnnespanol.cnn.com/2022/09/08/ultimas-noticias-guerra-rusia-ucrania-orix-46/,,CNN
2022-09-09T00:00:00,Zelensky afirmó que Ucrania recuperó más de 1.000 kilómetros cuadrados de su territorio en una semana,"El presidente de Ucrania, Volodimir Zelensky, aseguró este jueves que las Fuerzas Armadas del país han recuperado una superficie de más de mil kilómetros cuadrados (km2) de territorio ...",https://www.infobae.com/america/mundo/2022/09/09/zelensky-afirmo-que-ucrania-recupero-mas-de-1000-kilometros-cuadrados-de-su-territorio-en-una-semana/,,Infobae
2022-09-08T23:15:00,"El futuro sobre la guerra en Ucrania: ""Los rusos no están consiguiendo avanzar a la velocidad que querrían""","Más de seis meses después de su inicio, la guerra en Ucrania continúa y el Decano de la Escuela de Asuntos Globales del IE University, Manuel Muñiz, cuenta cómo es la situación actual entre ...",https://www.antena3.com/noticias/mundo/futuro-guerra-ucrania-rusos-estan-consiguiendo-avanzar-velocidad-que-querrian_20220908631a5b5d3090e00001320903.html,,Antena 3
2022-09-08T21:04:00,EEUU y los aliados redoblan el apoyo militar a Ucrania,"Estados Unidos y el conjunto de aliados occidentales, principalmente de la OTAN, están determinados a reforzar el apoyo militar a Ucrania, en un momento en que la ofensiva lanzada por Kiev ha ...",https://www.elperiodico.com/es/internacional/20220908/eeuu-anuncia-nueva-partida-ayuda-75181312,,El Periódico
2022-09-08T20:30:00,"Guerra Rusia - Ucrania, en directo | Blinken llega a Kiev en visita sorpresa",Día 198 de guerra en Ucrania. La intervención de Vladímir Putin este miércoles en el VII Foro Económico Oriental de Vladivostok puso en evidencia que ninguna de las acciones ya ejecutadas ni ...,https://www.elespanol.com/mundo/europa/20220908/guerra-rusia-ucrania-onu-constata-existencia-filtracion/701779817_10.html,,ESPAÑOL
2022-09-08T12:42:00,Estados Unidos enviará paquetes de ayuda militar a Ucrania y sus países vecinos por USD 2.675 millones,"El Secretario de Estado de Estados Unidos, Antony Blinken, anunció este jueves una nueva e importante ayuda militar por valor de más de 2.000 millones de dólares para Ucrania y otros países ...",https://www.infobae.com/america/eeuu/2022/09/08/estados-unidos-enviara-paquetes-de-ayuda-militar-a-ucrania-y-sus-paises-vecinos-por-usd-2675-millones/,,Infobae
2022-09-08T07:42:00,Así se ha vivido el día 196 del conflicto en Ucrania: información del 7 de septiembre,"El presidente de Ucrania, Volodimir Zelenski, ha asegurado este miércoles que las fuerzas ucranianas han recuperado parte del terreno conquistado por las tropas rusas en la región de Járkov ...",https://www.elconfidencial.com/mundo/2022-09-07/guerra-ucrania-rusia-zaporiyia-desmilitarizacion_3486464/,,El confidencial
2022-09-08T05:21:00,"Guerra Ucrania - Rusia, última hora en directo | Ucrania admite por primera vez haber atacado las bases rusas en Crimea",El comandante en jefe del ejército ucraniano ha admitido por primera vez este miércoles que Ucrania atacó con misiles las bases rusas en la Crimea anexionada en agosto. Kiev aún no ha ...,https://www.elmundo.es/internacional/2022/09/07/631826b266742a001f8f05f8-directo.html,,El Mundo
2022-09-08T03:00:00,"Ucrania ataca a Rusia en el sur, este y norte y el rumbo de la guerra podría estar cambiando","Las fuerzas armadas ucranianas están atacando a lo largo de tres frentes en el sur, este y norte, revirtiendo algunas de las ganancias territoriales que el ejército ruso logró en los primeros seis meses de la guerra más amplia de Rusia contra Ucrania.",https://es-us.finanzas.yahoo.com/noticias/ucrania-ataca-rusia-sur-norte-182400430.html,,Yahoo Finanzas
2022-09-08T00:00:00,Resumen de noticias de la guerra de Rusia en Ucrania del 7 de septiembre,"cerca de Bakhmut. El canciller de Alemania, Olaf Scholz, subrayó a su homólogode Ucrania, Volodymyr Zelensky, en una llamada telefónica realizada este miércoles, que Berlín seguirá apoyando ...",https://cnnespanol.cnn.com/2022/09/07/ultimas-noticias-guerra-rusia-ucrania-orix-45/,,CNN
2022-09-07T23:56:00,Ucrania reclama a la OTAN armas para bombardear Rusia,"El Comandante en Jefe de las Fuerzas Armadas de Ucrania, Valery Zaluzhny, escribió un artículo sobre las perspectivas de guerra en 2023. Su conclusión es que Ucrania necesita armas de largo alcance para que los rusos sientan más agudamente la guerra.",https://urgente24.com/mundo/ucrania-reclama-la-otan-armas-bombardear-rusia-n543350,,Urgente24
2022-09-07T20:30:00,La contraofensiva de Ucrania retomó dos pueblos y forzó a las autoridades prorrusas a aplazar el referéndum en Kherson,Zelensky anunció los avances en el sur del país Un camión blindado de las tropas prorrusas estacionado cerca del edificio del antiguo consejo regional de Ucrania durante el conflicto entre ...,https://www.infobae.com/america/mundo/2022/09/05/la-contraofensiva-de-ucrania-retomo-dos-pueblos-y-forzo-a-las-autoridades-prorrusas-a-aplazar-el-referendum-en-kherson/,,Infobae
2022-09-07T18:27:00,Ucrania pide desplegar cascos azules en la central nuclear de Zaporiyia,Directo Última hora de la guerra en Ucrania Guerra La OIEA pide una zona de seguridad en la central de Zaporiyia y que los rusos saquen sus vehículos militares Ucrania apoyó este miércoles ...,https://www.elmundo.es/internacional/2022/09/07/6318e168fc6c836d248b45d7.html,,El Mundo
2022-09-07T15:23:00,Ucrania ya se prepara para una guerra que se prolongará más allá de 2022,"Leópolis (Ucrania), 7 sep (EFE).- El Gobierno de Ucrania cree que la guerra a gran escala de Rusia contra Ucrania que se inició con la invasión del país el pasado 24 de febrero, se prolongará más allá de 2022, aseguraron este miércoles dos ...",https://es.noticias.yahoo.com/ucrania-prepara-guerra-prolongar%C3%A1-all%C3%A1-121106745.html,,Yahoo Noticias España
2022-09-07T06:39:00,"Guerra Rusia - Ucrania, en directo | Ucrania ya se prepara para una guerra que se prolongará más allá de 2022",Día 197 de guerra en Ucrania. La última hora en Ucrania pasa por la central nuclear de Zaporiyia. El Organismo Internacional de la Energía Atómica (OIEA) publicó este martes un alarmante ...,https://www.elespanol.com/mundo/europa/20220907/guerra-rusia-ucrania-liz-truss-zelenski-extranjero/701529842_10.html,,ESPAÑOL
2022-09-07T06:17:00,España - Ucrania en directo: Clasificación Mundial Femenino en vivo,"Jenni Hermoso hizo el quinto de penalti. Buena mano de la guardamenta Ucrania. Se sumó al ataque Olga, combinó con Esther. Ésta le puso el pase a Jenni y la 10 le pegó segun vino pero se tiró ...",https://as.com/futbol/femenino/espana-ucrania-en-directo-clasificacion-mundial-femenino-en-vivo-n/,,AS Mexico
2022-09-07T00:52:00,La vendimia en Ucrania junto al frente de guerra,"En Ucrania hay aproximadamente unas 25.000 hectáreas de viñedo, la mayoría de ellas en las regiones del sur del país, y en el año 2020 llegó a producir un millón de hectolitros de vino. La situación entonces era bien diferente a la de ahora debido ...",https://es.noticias.yahoo.com/vendimia-ucrania-junto-frente-guerra-114807455.html,,Yahoo Noticias España
2022-09-07T00:01:00,Guerra Rusia-Ucrania: el Pentágono confirma que Rusia está negociando con Corea del Norte por la compra de armamento,"El Comando Operativo Sur de Ucrania informó el 6 de septiembre que la situación en el sur de Ucrania sigue siendo tensa y dinámica. Sin embargo, el ejército de Ucrania aseguró que ...",https://www.lanacion.com.ar/el-mundo/guerra-rusia-ucrania-en-vivo-ultimas-noticias-del-conflicto-y-el-minuto-a-minuto-nid06092022/,,La Nacion
2022-09-06T18:41:00,"Guerra Rusia - Ucrania, en directo | Los inspectores de la ONU emiten hoy su informe sobre Zaporiyia",Día 196 de guerra en Ucrania. Rusia cumple sus amenazas y la última confirma el peor de los temores de cara al invierno: Vladímir Putin ha cortado el gas a Europa y ni siquiera ha terminado el ...,https://www.elespanol.com/mundo/europa/20220906/guerra-rusia-ucrania-directo-inspectores-onu-zaporiyia/701279867_10.html,,ESPAÑOL
2022-09-06T08:52:00,El Gobierno envía a Ucrania un avión del Ejército con artillería de campaña de grueso calibre,Un avión T-23 del Ejército del Aire y del Espacio ha partido en la mañana de este martes desde la Base Aérea de Torrejón de Ardoz (Madrid) rumbo a Ucrania cargado con munición de ...,https://www.elespanol.com/espana/20220906/gobierno-ucrania-ejercito-artilleria-campana-grueso-calibre/701179939_0.html,,ESPAÑOL
2022-09-06T00:00:00,Resumen de noticias de la guerra de Rusia en Ucrania del 5 de septiembre,"Dos asentamientos en el sur de Ucrania y uno en la región oriental de Donetsk fueron liberados, dijo este domingo el presidente de Ucrania, Volodymyr Zelensky. Ucrania sigue esperando un informe ...",https://cnnespanol.cnn.com/2022/09/05/ultimas-noticias-guerra-rusia-ucrania-orix-43/,,CNN
2022-09-05T08:20:00,"Guerra Rusia - Ucrania, en directo | Rusia ataca zonas residenciales de Mikolaiv","El ministerio dijo que era el envío más grande de productos que salía de Ucrania desde que el país negoció un acuerdo de exportación con Rusia, la ONU y Turquía el 22 de julio. La ...",https://www.elespanol.com/mundo/20220904/guerra-ucrania-rusia-directo-zelenski/700779916_10.html,,ESPAÑOL
2022-09-05T07:44:00,Más miedo a Dios que a la guerra: miles de judíos ultraortodoxos peregrinan a Ucrania,"No le da miedo ir a una Ucrania en guerra? ―También aquí hay guerra. Me da más miedo Jerusalén que Jersón. Y la autoridad a la que escucho no es la de ellos [los gobernantes], es la de mi ...",https://elpais.com/internacional/2022-09-05/mas-miedo-a-dios-que-a-la-guerra-miles-de-judios-ultraortodoxos-peregrinan-a-ucrania.html,,EL PAÍS
2022-09-05T07:06:00,"Guerra Rusia - Ucrania, en directo | La contraofensiva de Ucrania funciona: Zelenski habla de ""buenos informes""","Día 195 de guerra en Ucrania. Los líderes europeos buscaron este domingo aliviar el impacto de los altos precios de la energía en todo el continente. Fuera del campo de batalla, gas ...",https://www.elespanol.com/mundo/europa/20220905/guerra-rusia-ucrania-contraofensiva-funciona-zelenski-informes/701029892_10.html,,ESPAÑOL
2022-09-03T09:48:00,Guerra Ucrania Rusia: Últimas noticias del 4 de septiembre en directo,Buenas noches y gracias por seguir la última hora de la invasión rusa en Ucrania! Rusia se ha defendido de las críticas en la Unión Europea (UE) por el corte de gas ruso mediante el gasoducto ...,https://www.antena3.com/noticias/mundo/guerra-ucrania-rusia-hoy-ultima-hora-directo-putin-zelenski-ultimas-noticias-invasion-rusa_202209036312f4ee1d9fe00001c4cc3d.html,,Antena 3
2022-09-03T06:16:00,"Guerra Rusia - Ucrania, en directo | La central de Zaporiyia vuelve a perder la conexión con la red externa",Rusia afirma haber repelido un intento de las tropas ucranias de hacerse con el control de la central de Zaporiyia. Día 192 de guerra en Ucrania. El Ministerio de Defensa de Rusia ha afirmado ...,https://www.elespanol.com/mundo/europa/20220903/guerra-rusia-ucrania-directo-ultimas-noticias/700529941_10.html,,ESPAÑOL
2022-09-03T00:00:00,Ucrania organizará un operativo para evacuar civiles de Crimea,"La empresa estatal de trenes de Ucrania, Ukrzaliznytsia, anunció la organización de convoyes para la evacuación de ciudadanos ucranianos residentes en la península de Crimea, anexionada por ...",https://www.infobae.com/america/mundo/2022/09/04/ucrania-organiza-un-operativo-para-evacuar-civiles-de-crimea/,,Infobae
2022-09-02T23:06:00,"Resumen de la guerra entre Ucrania y Rusia el 2 de septiembre: Bruselas acusa a Moscú de ""pretextos falaces"" por cortar el Nord Stream 1","La guerra en Ucrania cumple este viernes 191 días desde el inicio de la invasión rusa. Las tropas ucranianas han iniciado esta semana una contraofensiva en el frente sur, donde intentan ...",https://www.rtve.es/noticias/20220902/guerra-ucrania-directo-ultima-hora-noticias/2399696.shtml,,RTVE
2022-09-02T12:57:00,Ucrania persiste en exigir a Alemania más armas y carros de combate antes de su llegada a Berlín,"El primer ministro de Ucrania, Denis Shmigal, ha insistido una vez más a las autoridades alemanas que les proporcionen más armas y carros de combate modernos para hacer frente a las tropas rusas ...",https://www.europapress.es/internacional/noticia-ucrania-persiste-exigir-alemania-mas-armas-carros-combate-antes-llegada-berlin-20220902112035.html,,Europa Press
2022-09-02T12:07:00,Ucrania denuncia que Rusia engañó a la misión del OEIA en Zaporiyia y alerta del peligro,"Ucrania ha denunciado este viernes que Rusia manipuló y engañó a los expertos del Organismo Internacional de Energía Atómica (OIEA) a su llegada a Zaporiyia, controlada por las tropas rusas ...",https://www.elespanol.com/mundo/europa/20220902/ucrania-denuncia-rusia-engano-oeia-zaporiyia-peligro/700180156_0.html,,ESPAÑOL
2022-09-02T05:46:00,"Guerra Ucrania - Rusia, última hora en directo","Continúa la epidemia de suicidios entre las élites rusas, hoy le ha tocado a Ravil Maganov, la caída desde el sexto piso de un hospital de Moscú no ha servido para mejorar la salud del hasta ...",https://www.elmundo.es/internacional/2022/09/01/6310418fb7e9f1001e1af1df-directo.html,,EL MUNDO
2022-09-02T04:27:00,"Ucrania o cómo jugar pensando en la guerra: ""Algunos jugadores querían coger armas para defender su país""","Los dos últimos MVP de la NBA son dos de las grandes sensaciones del torneo. Pero también juega Ucrania, que se enfrenta a Gran Bretaña. Lo hará con la mente puesta en la guerra de su país ...",https://www.marca.com/baloncesto/eurobasket/2022/09/02/63112af346163f7d868b457e.html,,MARCA
2022-09-01T19:36:00,"Putin dice que en Ucrania se crea un ""enclave antirruso"" que amenaza a Moscú","El presidente ruso, Vladímir Putin, ha afirmado este jueves que en Ucrania se está creando un enclave antirruso que amenaza a Moscú y ha asegurado que acabar con él es el objetivo de la ...",https://www.eldiario.es/internacional/ultima-hora-invasion-rusa-ucrania-directo_6_9280310_1093262.html,,eldiario.es
2022-09-01T15:07:00,"Guerra Rusia - Ucrania, en directo | Los inspectores del OIEA han llegado a la central de Zaporiyia","Día 189 de guerra en Ucrania. La central nuclear ucraniana de Zaporiyia (ZNPP), bajo control ruso, ha desconectado uno de sus reactores tras registrarse varios bombardeos en las zonas colindantes ...",https://www.elespanol.com/mundo/europa/20220901/guerra-rusia-ucrania-expertos-oiea-zaporiyia-inspeccionar/700029992_10.html,,ESPAÑOL
2022-09-01T07:30:00,Así se vivió el día 189 del conflicto en Ucrania: información del 31 de agosto,"Jornada 189 desde la invasión de Rusia a Ucrania. Las tropas ucranianas estarían logrando que las fuerzas rusas y prorrusas tengan que retroceder en el sur del país, en la región de Jersón.",https://www.elconfidencial.com/mundo/2022-08-31/guerra-ucrania-rusia-eeuu-acusa-iran-suministrar-drones-moscu_3483145/,,El confidencial
2022-08-31T09:46:00,"Guerra Ucrania Rusia en directo: EEUU plantea el ""cierre controlado"" de Zaporiyia para evitar riesgos","EFE Irán entrega a Rusia drones para la guerra en Ucrania, según EEUU Estados Unidos asegura tener información de que Irán ya ha entregado a Rusia decenas de drones para la guerra en Ucrania ...",https://www.lasexta.com/noticias/internacional/guerra-ucrania-rusia-directo-eeuu-plantea-cierre-controlado-zaporiyia-evitar-riesgos_20220830630d9e343ef61200015060b7.html,,laSexta
2022-08-31T03:15:00,Qué se sabe sobre la operación de Ucrania para recuperar Jersón,"¿Cómo están presentando las autoridades ucranianas los ataques en Jersón? Nataliya Humenyuk, portavoz del mando sur de Ucrania, dijo durante una rueda de prensa este lunes que había una ...",https://www.eldiario.es/internacional/theguardian/operacion-ucrania-recuperar-jerson_1_9275911.html,,eldiario.es
2022-08-31T00:00:00,"Guerra Rusia - Ucrania, en directo | Zelenski acusa a Rusia de ""provocaciones"" ante la visita del OIEA a Zaporiyia",Recordó que representantes de la OIEA ya llegaron a Ucrania y visitarán la central nuclear. Es una misión importante y estamos haciendo todo lo posible para que sea segura y funcione a plena ...,https://www.elespanol.com/mundo/europa/20220831/guerra-rusia-ucrania-zelenski-provocaciones-oiea-zaporiyia/699780017_10.html,,ESPAÑOL
2022-08-30T09:03:00,Ucrania se prepara para el frío invierno con incertidumbre por el suministro energético,Apoyo financiero El objetivo depende de que los aliados internacionales entreguen a Ucrania los fondos necesarios para importar 4.000 millones de metros cúbicos de gas así como de que no se ...,https://www.eldiario.es/internacional/theguardian/ucrania-prepara-frio-invierno-incertidumbre-suministro-energetico_1_9272917.html,,eldiario.es
2022-08-30T05:37:00,"Guerra en Ucrania: EEUU plantea un ""cierre controlado"" de Zaporiyia para evitar riesgos","Día 188 de guerra en Ucrania. La Casa Blanca ha planteado un cierre controlado de la central nuclear de Zaporiyia, situada en el sur de Ucrania y controlada por las tropas rusas, como la mejor ...",https://www.elespanol.com/mundo/europa/20220830/guerra-rusia-ucrania-directo-especial-oiea-zaporiyia/699530041_10.html,,ESPAÑOL
2022-08-29T17:20:00,"Ucrania anuncia el comienzo de su contraofensiva contra Rusia en Jersón y pide ""silencio""","La contraofensiva de Ucrania contra Rusia en el sureste del país ya ha comenzado, según las Fuerzas Armadas ucranianas. El ejército nacional ha anunciado el comienzo de las acciones militares ...",https://www.huffingtonpost.es/entry/ucrania-anuncia-el-comienzo-de-su-contraofensiva-contra-rusia-en-jerson_es_630cd56ae4b063d5e61d53ce,,Huffington Post
2022-08-29T11:44:00,El precio inasumible de la guerra en Ucrania para las economías europeas,Los dirigentes europeos se ponen grandilocuentes para describir una catástrofe anunciada antes de que sonara el primer cañonazo por la invasión rusa de Ucrania. Pero al tiempo que siguen ...,https://www.publico.es/internacional/precio-inasumible-guerra-ucrania-economias-europeas.html,,Público
2022-08-29T01:04:00,Ucrania denuncia la muerte de 379 niños desde el comienzo de la invasión rusa,"La Fiscalía General de Ucrania ha contabilizado este domingo 379 niños ucranianos muertos y otros 733 heridos desde que comenzó la invasión rusa el pasado 24 de febrero, según un comunicado ...",https://www.huffingtonpost.es/entry/ucrania-denuncia-la-muerte-de-379-ninos-desde-el-comienzo-de-la-invasion-rusa_es_630be9b9e4b07744a2f8068e,,Huffington Post
2022-08-29T00:00:00,"Guerra Rusia - Ucrania, en directo | La misión especial del OIEA a Zaporiyia está de camino","Día 187 de guerra en Ucrania. Tras semanas de negociaciones y tensiones en torno a la planta nuclear de Zaporiyia, en el sureste de Ucrania, un equipo de expertos del OIEA, la agencia nuclear de ...",https://www.elespanol.com/mundo/europa/20220829/guerra-rusia-ucrania-directo-especial-oiea-zaporiyia/699280066_10.html,,ESPAÑOL
2022-08-28T23:36:00,Resumen de la guerra entre Ucrania y Rusia el 28 de agosto: Moscú y Kiev afirman que el nivel de radiación de Zaporiyia es normal,"La guerra en Ucrania cumple este domingo 186 días de ofensiva. El subjefe del Consejo de Seguridad de Rusia y expresidente del país, Dmitri Medvédev, pronostica un precio de 5.000 euros ...",https://www.rtve.es/noticias/20220828/guerra-ucrania-directo-ultima-hora-noticias/2398691.shtml,,RTVE
2022-08-28T19:51:00,Ucrania busca aislar a Rusia fuera del campo de batalla,"Ucrania y los patrocinadores del régimen de Kiev tienen plena responsabilidad por la ausencia de un resultado final positivo, afirmó Andréi Beloúsov, subjefe de la delegación rusa.",https://www.rtve.es/noticias/20220828/ucrania-busca-aislar-rusia-fuera-del-campo-batalla/2398862.shtml,,RTVE
2022-08-28T09:00:00,"Última hora de la guerra, en directo: Ucrania y Rusia confirman que los niveles de radiación en Zaporiyia son normales","Se cumplen este domingo 186 días desde que comenzó la invasión rusa sobre Ucrania. La situación en la central nuclear ucraniana de Zaporiyia sigue siendo crítica, pese a que el viernes se ...",https://www.vozpopuli.com/actualidad/ultima-hora-guerra-ucrania-10.html,,Voz Populi
2022-08-28T04:22:00,Rusia y Ucrania cambian sus planes: así podrían ser las nuevas estrategias militares de Putin y Zelenski para una guerra larga,"Ucrania, una contraofensiva y el foco sobre Crimea Ucrania trata de rearmarse. El hecho de que la invasión se alargue en el tiempo da margen a las tropas de Kiev para que puedan responder a los ...",https://www.20minutos.es/noticia/5043990/0/claves-cambios-estrategia-militar-guerra-ucrania-rusia-largo-plazo/,,20 minutos
2022-08-27T23:36:00,Resumen de la guerra entre Ucrania y Rusia el 27 de agosto: Las autoridades prorrusas de Zaporiyia denuncian ataques a la central,"La guerra en Ucrania cumple este sábado 185 días sin grandes avances en el frente ruso, que continúa estancado en la región de Donetsk por la resistencia ucraniana. Ucrania ha apelado ...",https://www.rtve.es/noticias/20220827/guerra-ucrania-directo-ultima-hora-noticias/2398594.shtml,,RTVE
2022-08-27T23:10:00,"Ucrania critica que el papa compare ""al agresor y a la víctima"" en su condena al atentado contra la hija de Duguin","Ucrania ha reaccionado con dureza a las palabras del papa Francisco sobre el atentado a Daria Dúguina, hija de Alexander Duguin. El Ministerio de Exteriores convocó al nuncio apostólico del ...",https://www.publico.es/internacional/ucrania-critica-papa-compare-agresor-victima-condena-atentado-hija-duguin.html,,Público
2022-08-27T09:06:00,"Última hora de la guerra en Ucrania, en directo: Ucrania acusa a Rusia de presionar a trabajadores de Zaporiyia para mentir","Se cumplen este sábado 185 días desde que comenzó la invasión rusa sobre Ucrania. Esta madrugada, Rusia ha bloqueado un acuerdo en la décima conferencia de revisión del Tratado de No ...",https://www.vozpopuli.com/internacional/ultima-hora-guerra-ucrania-9.html,,Voz Populi
2022-08-27T08:00:00,"Guerra Rusia - Ucrania, en directo | Zelenski insta al OIEA a enviar su misión a Zaporiyia ""lo antes posible""","Día 186 de guerra en Ucrania. Rusia ha bloqueado un acuerdo en la décima conferencia de revisión del Tratado de No Proliferación (TNP) nuclear, principalmente por cuestiones vinculadas a su ...",https://www.elespanol.com/mundo/europa/20220827/guerra-rusia-ucrania-tratado-no-proliferacion-nucleares/698780117_10.html,,ESPAÑOL
2022-08-27T00:00:00,"Jersón, la gran ofensiva que viene: Ucrania cambia de estrategia y baraja un contraataque a gran escala","Ben Wallace, ministro de Defensa de Reino Unido informó este jueves a través de la BBC Radio 4 de la última hora de la guerra en Ucrania y señaló que la inteligencia británica cree que Rusia ...",https://www.elespanol.com/mundo/20220827/jerson-gran-ofensiva-ucrania-cambia-estrategia-contraataque/698180508_0.html,,ESPAÑOL
2022-08-26T13:43:00,Ucrania: restablecen la energía en la planta nuclear de Zaporizhia,Ucrania informó este viernes 26 de agosto que sus expertos restauraron un suministro de energía estable hacia la planta de energía nuclear de Zaporizhia. La preocupación ha sido latente luego de que el jueves fuera cortada la última línea ...,https://es.noticias.yahoo.com/ucrania-restablecen-energ%C3%ADa-planta-nuclear-133415065.html,,Yahoo Noticias España
2022-08-26T08:05:00,Guerra Ucrania Rusia: Últimas noticias del 27 de agosto en directo,"Moldavia recibió en junio pasado junto a Ucrania el estatus de país candidato al ingreso en la UE, lo que Sandu calificó entonces de luz al final del túnel. Ucrania pide a la comunidad ...",https://www.antena3.com/noticias/mundo/ultima-hora-guerra-rusia-ucrania-movimiento-tropas-reacciones-putin-zelenski_20220826630863588d51040001e4ef35.html,,Antena 3
2022-08-26T06:03:00,"Guerra Rusia - Ucrania, en directo | Rusia admite que se incrementa la presión sancionadora de Occidente",Día 186 de guerra en Ucrania. Los combates que libran las fuerzas rusas y ucranianas en las inmediaciones de la central nuclear de Zaporiyia han forzado este jueves su desconexión de la red ...,https://www.elespanol.com/mundo/europa/20220826/guerra-rusia-ucrania-zelenski-europa-desastre-radiactivo/698530141_10.html,,ESPAÑOL
2022-08-25T23:55:00,DIRECTO: guerra en Ucrania,"La guerra en Ucrania cumple este jueves 183 días con la ofensiva estancada y sin claros vencedores. Rusia continúa atacando en la región de Donetsk, pero no ha logrado conquistar ...",https://www.rtve.es/noticias/20220825/guerra-ucrania-directo-ultima-hora-noticias/2398281.shtml,,RTVE
2022-08-25T08:46:00,"Europa ratifica su respaldo a Ucrania pese a tener que afrontar este invierno ""el fin de la abundancia""","Seis meses después del comienzo de la guerra de Rusia y Ucrania y con un largo invierno por delante que está a la vuelta de la esquina, las potencias occidentales han renovado su compromiso ante ...",https://www.elespanol.com/mundo/europa/20220825/europa-ratifica-respaldo-ucrania-afrontar-invierno-abundancia/697930573_0.html,,ESPAÑOL
2022-08-25T08:26:00,Ucrania acusa a Rusia de matar a 22 personas en un ataque con misiles a una estación de tren en Dnipro,"El presidente de Ucrania, Volodímir Zelenski, ha elevado este miércoles a 22 los muertos por el ataque ruso con misiles contra una estación de tren en la región de Dnipropetrovsk ...",https://www.rtve.es/noticias/20220825/ucrania-ataque-muertos-rusia-misiles-estacion-dnipro/2398261.shtml,,RTVE
2022-08-25T03:34:00,Ucrania resiste,"Ucrania conmemoró ayer su Día de la Independencia en un ambiente tenso, ante el temor a nuevos ataques rusos tras las recientes operaciones en la anexionada península de Crimea y seis meses ...",https://www.diariodeleon.es/articulo/internacional/ucrania-resiste/202208250333322251662.html,,diariodeleon.es
2022-08-25T00:00:00,'Boogaloo Bois': jóvenes de EEUU de extrema derecha que luchan en Ucrania con rifles y camisas hawaianas,"Desde que comenzó la guerra en Ucrania, algunos jóvenes estadounidenses llegaron a las ciudades ucranianas ondeando banderas con extravagantes estampados tropicales. Tras la primera reacción de ...",https://www.elespanol.com/mundo/20220825/boogaloo-bois-jovenes-eeuu-extrema-ucrania-hawaianas/697680566_0.html,,ESPAÑOL
2022-08-24T23:38:00,"España enviará a Ucrania más material: munición, acorazados y antimisiles",España redoblará la ayuda militar a Ucrania coincidiendo con el sexto mes de guerra en el país y con motivo del día de la Independencia y ha preparado material militar para ser puesto a ...,https://www.lainformacion.com/espana/enviara-a-ucrania-mas-material-municion-acorazados-y-antimisiles/2872708/,,La informacion
2022-08-24T20:31:00,"España redobla la ayuda militar a Ucrania con una batería de antimisiles, blindados, más munición y adiestradores",España ha anunciado que redoblará la ayuda militar a Ucrania justo el día que se celebra la Independencia de Ucrania y el sexto mes de guerra en el país. Según ha informado el ...,https://www.rtve.es/noticias/20220824/espana-vuelve-enviar-material-militar-guerra-ucrania/2398280.shtml,,RTVE
2022-08-24T18:53:00,"Radiografía de Ucrania seis meses después de la guerra: ""Es más difícil salvar la brecha""","Hasta el momento ha apoyado a más de 600.000 personas en Polonia, Rumanía, Moldavia y Ucrania gracias al trabajo conjunto con 40 organizaciones locales. La respuesta de la ONG se ha ...",https://www.europapress.es/epsocial/cooperacion-desarrollo/noticia-alianza-solidaridad-alerta-brechas-existentes-seis-meses-guerra-ucrania-20220824184453.html,,Europa Press
2022-08-24T16:44:00,"Zelenski asegura que Ucrania recuperará Crimea, bajo control ruso desde 2014","Seis meses después de ser invadida por Rusia, Ucrania se siente más fuerte que nunca. Este miércoles, el presidente ucraniano, Volodimir Zelenski, ha asegurado que tiene el objetivo de ...",https://www.antena3.com/noticias/mundo/zelenski-asegura-que-ucrania-recuperara-crimea-control-ruso-2014_2022082463062d851d9fe00001bbae86.html,,Antena 3
2022-08-24T16:16:00,La Ucrania de antes de la guerra ya no existe,"Semblanza de Irene Savio, enviada especial de France 24 a Ucrania, a seis meses del conflicto que golpea a Europa. La primera señal de anormalidad son los aviones comerciales, que ya no hay. El transporte por excelencia en nuestra época para las grandes ...",https://es.noticias.yahoo.com/ucrania-guerra-155229981.html,,Yahoo Noticias España
2022-08-24T13:39:00,"""Ucrania no hará ninguna concesión"": Zelenski desafía a Rusia a seis meses de la guerra","En un discurso divulgado este 24 de agosto, cuando se cumplen seis meses de conflicto que coinciden con el Día de la Independencia del dominio soviético, el presidente de Ucrania prometió recuperar los territorios temporalmente ocupados por Rusia.",https://es.noticias.yahoo.com/ucrania-har%C3%A1-concesi%C3%B3n-zelenski-desaf%C3%ADa-133248192.html,,Yahoo Noticias España
2022-08-24T12:27:00,Ucrania celebra su independencia con temor a nuevos ataques rusos,Mientras los miembros de la Guardia de Honor de Ucrania izaban ayer en Kiev una bandera nacional en el marco de los preparativos para celebrar el Día de la Independencia en el país invadido ...,https://www.abc.es/internacional/ucrania-celebra-independencia-temor-nuevos-ataques-rusos-20220824203143-nt.html,,ABC
2022-08-24T12:02:00,Ayudas a Ucrania: del entusiasmo al desánimo,"Después de una tarde entera cargando un tráiler aparcado en un almacén que les ha cedido una empresa de Mutxamel (Alicante), los voluntarios ucranianos de la asociación alicantina Slavutich ...",https://www.elperiodico.com/es/internacional/20220823/ayuda-humanitaria-ucrania-descenso-donaciones-seis-meses-de-guerra-14324543,,El Periódico
2022-08-24T11:50:00,Las cifras de la guerra de Ucrania: 5.500 muertos y 14 millones de personas fuera de sus casas,"Ucrania dice que ha matado a 40.000 soldados de Rusia, aunque las agencias internacionales reducen la cifra a la mitad La invasión rusa de Ucrania cumple hoy seis meses, precisamente el día en ...",https://www.telecinco.es/informativos/internacional/20220824/cifras-guerra-ucrania-muertos-heridos-desplazados_18_07292298.html,,TeleCinco
2022-08-24T11:32:00,"Medio año de guerra en Ucrania: más de 5,6 millones de refugiados y más de 5.500 civiles muertos","En aquel momento, con la invasión rusa de Ucrania de 2022, comenzó la guerra ruso-ucraniana, pese a que el Kremin rehúse a este calificativo y la llame su operación especial militar.",https://www.antena3.com/noticias/mundo/medio-ano-guerra-ucrania-mas-56-millones-refugiados-mas-5500-civiles-muertos_2022082463054056142d7b00019377d3.html,,Antena 3
2022-08-24T11:29:00,Ucrania cumple seis meses de horror: de un conflicto sin cerrar a una invasión que pone en jaque a Europa,"Más de 180 días de horror para Ucrania. Un tiempo que, después de todo, le ha servido a Moscú para poner en jaque a Europa y hacerle repensar todo el modelo global, con la OTAN pasando de la ...",https://www.20minutos.es/noticia/5041516/0/claves-guerra-seis-meses-ucrania-invasion-rusia-putin-zelenski/,,20 minutos
2022-08-24T11:25:00,Embajador de Ucrania en España: «No puedo decir que estemos satisfechos con lo que nos ha suministrado España»,El mensaje del presidente Volodimir Zelenski en el que se ha dirigido a sus compatriotas para animarles a seguir adelante y prometer una vez más que «Ucrania luchará hasta el final» no ha sido ...,https://www.abc.es/internacional/embajador-ucrania-espana-puedo-decir-satisfechos-suministrado-20220824130004-nt.html,,ABC
2022-08-24T07:46:00,"Seis meses de guerra en Ucrania, con la central de Zaporiyia y la ciudad de Jersón como principales focos","Rusia continúa su ofensiva en el este de Ucrania cuando se cumplen seis meses de guerra. Además, sigue con el punto de mira en Zaporiyia y Jersón, regiones clave para el corredor terrestre ...",https://www.publico.es/internacional/seis-meses-guerra-ucrania-central-zaporiyia-ciudad-jerson-principales-focos.html,,Público
2022-08-24T06:47:00,"Guerra Rusia - Ucrania, en directo | Zelenski, a la ONU: ""El futuro del mundo se está decidiendo en Ucrania""","Día 184 de guerra en Ucrania. El día en el que se cumplen seis meses de guerra y Ucrania celebra la fecha de su independencia, se teme que Rusia lance una nueva ofensiva. Los rumores sobre un ...",https://www.elespanol.com/mundo/20220824/guerra-rusia-ucrania-directo-aumenta-celebra-independencia/698030191_10.html,,ESPAÑOL
2022-08-24T03:27:00,"Medio año de infierno en Ucrania: tras miles de fallecidos, Rusia ocupa el 20% del territorio","Mientras Ucrania cumple hoy su 31º Día de la Independencia, algunos de estos tanques se encuentran en las calles centrales de Kyiv y Leópolis. Sus tripulaciones están muertas o capturadas ...",https://www.larazon.es/internacional/europa/20220824/xtpgglbekbgyzihvj3q34x7pcy.html,,La Razón Digital
2022-08-24T01:48:00,Seis meses de guerra en Ucrania: el medio ambiente como daño colateral del conflicto,"Tras seis meses de conflicto, la medición del impacto medioambiental de la guerra en Ucrania está aún en pañales. Los centros industriales ucranianos, atacados por Rusia, han liberado sustancias peligrosas para el ser humano y la naturaleza. La ...",https://es.noticias.yahoo.com/seis-meses-guerra-ucrania-medio-013902837.html,,Yahoo Noticias España
2022-08-24T00:58:00,Cómo la invasión rusa de Ucrania quebró la coalición de Gobierno,"La comunidad internacional contuvo el aliento ante el inicio de un ataque directo de Rusia a Ucrania. Aquel día, las palabras pronunciadas las semanas anteriores por el ministro de Exteriores ...",https://www.larazon.es/espana/20220824/jaf3pklaqzhmfozappfkz5xydu.html,,La Razón Digital
2022-08-24T00:30:00,"Las heridas de la invasión rusa a Ucrania, seis meses después","Hace medio año Moscú lanzó su ofensiva contra Ucrania y, más allá de las tácticas, de la inflación y de la geopolítica, la guerra ha marcado un antes y un después en la vida de millones de personas. Desde los que se han visto empujados a combatir ...",https://es.noticias.yahoo.com/heridas-invasi%C3%B3n-rusa-ucrania-seis-002800601.html,,Yahoo Noticias España
2022-08-23T23:59:00,Defensa reacciona a las críticas de Ucrania: enviará más material y adiestrará tropas,"El Gobierno de Sánchez reaccionó ayer a las críticas del embajador de Ucrania en España, Serhii Pohoreltsev, que volvió a reiterar la insatisfacción de su país con la contribución del ...",https://www.abc.es/espana/defensa-reacciona-criticas-ucrania-enviara-material-adiestrara-20220824201234-nt.html,,ABC
2022-08-23T23:59:00,Apoyo inquebrantable a Ucrania,"Durante estos seis largos meses, Ucrania ha inspirado al mundo con su valiente resistencia a la agresión rusa. Putin anticipó una victoria rápida pero calculó mal. Subestimó el espíritu de ...",https://www.abc.es/internacional/apoyo-inquebrantable-ucrania-20220824182630-nt.html,,ABC
2022-08-23T22:54:00,"Robles desvela que Ucrania está interesada en comprar carros de combate ""modernos"" a España y otros países","La ministra de Defensa, Margarita Robles, ha asegurado este martes que Ucrania está interesada en comprar carros de combate tipo Leopard modernos a España y otros países ante la previsión de ...",https://www.europapress.es/nacional/noticia-robles-desvela-ucrania-interesada-comprar-carros-combate-modernos-espana-otros-paises-20220823182200.html,,Europa Press
2022-08-23T22:43:00,Seis meses de guerra en Ucrania: La vida entre escombros,"Conviven así con el pánico cotidiano en esta urbe, la segunda más importante de Ucrania, que continúa en la mira de un Ejército profesional, el ruso, que dispara a poca distancia del ...",https://www.elperiodico.com/es/internacional/20220823/seis-meses-guerra-ucrania-vida-14333298,,El Periódico
2022-08-23T22:05:00,"Occidente anima a Ucrania a ""luchar por recuperar Crimea""","No es solo la guerra que Rusia lanzó hace casi seis meses. Occidente ha animado este martes a Ucrania a luchar por recuperar Crimea y, de forma unánime, ha instado a Putin y a Rusia a que se ...",https://www.huffingtonpost.es/entry/occidente-anima-a-ucrania-a-luchar-por-recuperar-crimea_es_63052d9ee4b0e323a259aa93,,Huffington Post
2022-08-23T21:44:00,"Ucrania asegura que las acusaciones de Rusia sobre el atentado contra Dugina ""son propaganda""",Las acusaciones de Moscú que relacionan a Ucrania con el atentado que mató el pasado domingo a la hija del ideólogo ruso Alexander Dugin no son más que fruto de la propaganda que difunde el ...,https://www.rtve.es/noticias/20220823/ucrania-acusaciones-rusia-atentado-dugina/2397640.shtml,,RTVE
2022-08-23T21:29:00,"Ucrania, dispuesta a comprar carros de combate modernos a España",El Gobierno de Ucrania quiere comprar carros de combate modernos a España y otros países de la UE con el objetivo de sustituir sus tanques desfasados y alejados de los estándares de la OTAN ...,https://www.20minutos.es/noticia/5043962/0/ucrania-compra-espana-carros-combate-guerra-rusia/,,20 minutos
2022-08-23T21:24:00,Seis meses de guerra en Ucrania que han cambiado el mundo,"Los seis meses que se cumplen de guerra en Ucrania, tras la invasión rusa de este país el pasado 24 de febrero, han cambiado radicalmente el panorama geopolítico internacional, han sentado las ...",https://www.publico.es/internacional/ucrania-seis-meses-guerra-han-cambiado-mundo.html,,Público
2022-08-23T20:56:00,Ucrania niega la autoría del atentado contra Duguina y asegura que fue ejecutada por Rusia,"El presidente de Ucrania, Volodimir Zelenski, ha afirmado que su país no tiene responsabilidad alguna en el asesinato de la periodista rusa Daria Dugina, hija del ideólogo del Kremlin ...",https://www.elperiodico.com/es/internacional/20220823/jefe-consejo-seguridad-ucrania-sentencia-14331566,,El Periódico
2022-08-23T19:00:00,"Líderes mundiales reiteran su apoyo a Ucrania y Zelenski aboga por la ""desocupación"" de Crimea como hito para Europa","Decenas de líderes mundiales han participado este martes en una cumbre virtual para discutir la anexión de Crimea por parte de Rusia, junto con la actividad militar en curso en Ucrania.",https://cadenaser.com/nacional/2022/08/23/lideres-mundiales-reiteran-su-apoyo-a-ucrania-y-zelenski-aboga-por-la-desocupacion-de-crimea-como-hito-para-europa-cadena-ser/,,Cadena SER
2022-08-23T13:20:00,La guerra en Ucrania deja cerca de mil niños muertos o heridos en seis meses,"La guerra de Ucrania, de la que se cumplen seis meses esta semana, ha dejado hasta la fecha casi un millar de niños muertos o heridos, una cifra que las organizaciones de ayuda humanitaria ...",https://www.publico.es/internacional/guerra-ucrania-deja-cerca-mil-ninos-muertos-o-heridos-seis-meses.html,,Público
2022-08-23T00:00:00,La acusación de Putin y el aniversario de la independencia de Ucrania disparan la tensión,"La declaración en la que el propio Vladimir Putin acusa a Ucrania de estar detrás del asesinato de Darya Dugina en Moscú al menos así lo hace temer en todo en Occidente. Desde, principalmente ...",https://www.elespanol.com/mundo/20220823/acusacion-putin-aniversario-independencia-ucrania-disparan-tension/697430621_0.html,,ESPAÑOL
2022-08-22T06:07:00,Tres escenarios que harían escalar la guerra de Ucrania,"Cada día que pasa, estamos más acostumbrados a la guerra de Ucrania. A veces hasta la pasamos por alto. Sin embargo, ni ucranianos ni rusos la olvidan. Cada semana siguen muriendo miles de ...",https://www.elespanol.com/opinion/tribunas/20220822/escenarios-harian-escalar-guerra-ucrania/697300266_12.html,,ESPAÑOL
2022-03-03T18:28:00,Guerra en Ucrania: medio año de invasión rusa,"Tras constatar el fracaso de la ofensiva relámpago, Rusia centró sus esfuerzos en debilitar ciudades y civiles con asedios y bombardeos por toda Ucrania. Así han conseguido doblegar ciudades ...",https://www.elperiodico.com/es/internacional/resumen-guerra-ucrania-rusia-sh/index.html,,El Periódico
